iter	RMSE
0	1404912.847
1	1375646.96
2	1346900.665
3	1320286.947
4	1293339.466
5	1267175
6	1241922.684
7	1217788.17
8	1196977.618
9	1174223.015
10	1152285.39
11	1130343.993
12	1109404.933
13	1089502.742
14	1070808.317
15	1052570.832
16	1033325.502
17	1014941.939
18	998422.5065
19	981686.71
20	965490.8228
21	949644.0973
22	934633.7293
23	920256.242
24	905837.1239
25	891837.4213
26	878538.9405
27	865568.711
28	853454.1734
29	841362.7526
30	830126.2799
31	818539.2427
32	807962.3673
33	797468.5115
34	786830.5737
35	776842.4965
36	767350.5841
37	758764.9386
38	749738.7898
39	741604.2198
40	733449.5718
41	725459.7548
42	717957.1967
43	710818.9806
44	703469.1567
45	696810.3212
46	690037.2954
47	683501.5084
48	677524.8574
49	671216.6951
50	665535.6377
51	659802.5101
52	654590.9635
53	649704.1166
54	645518.2236
55	640874.985
56	636269.0244
57	631723.6208
58	627479.7359
59	623352.1194
60	619507.5321
61	615448.0076
62	612069.5528
63	608811.2173
64	605468.776
65	602455.1843
66	599228.2864
67	596335.4029
68	593205.4239
69	590302.1146
70	587349.1443
71	584478.9584
72	581764.5564
73	579053.5797
74	576528.0329
75	574113.6931
76	571797.9755
77	569579.674
78	567505.1683
79	565122.2482
80	562890.4923
81	560879.6459
82	559005.7166
83	557295.6794
84	555539.6515
85	553618.9571
86	551971.6299
87	550286.878
88	548812.7771
89	547412.8797
90	545867.6651
91	544383.3531
92	542815.248
93	541472.367
94	540233.7461
95	539005.6422
96	537840.7573
97	536591.9503
98	535460.0576
99	534320.837
100	533208.8886
101	532112.3459
102	531024.9677
103	529819.4284
104	529033.7545
105	528182.6394
106	527293.7301
107	526426.3681
108	525446.2843
109	524409.3006
110	523507.2704
111	522665.2375
112	521662.1224
113	520832.3508
114	519903.3976
115	519253.1765
116	518478.0328
117	517648.409
118	516903.3568
119	516315.4856
120	515691.1084
121	514760.8124
122	514166.2508
123	513396.7783
124	512884.7571
125	512103.2574
126	511652.4545
127	510829.3931
128	510212.711
129	509545.1091
130	509008.4117
131	508590.2122
132	507992.5579
133	507578.5782
134	507174.4749
135	506663.931
136	506229.1541
137	505832.874
138	505222.2228
139	504709.7567
140	504150.8559
141	503754.4847
142	503096.1162
143	502576.6716
144	502129.8571
145	501685.0698
146	501297.1697
147	500785.9668
148	500057.1114
149	499427.6519
150	498989.0891
151	498389.3462
152	497768.6883
153	497339.3595
154	496944.5339
155	496517.8659
156	496075.3243
157	495474.7902
158	495077.1669
159	494571.5042
160	494076.9952
161	493498.9698
162	493255.6364
163	492883.2037
164	492308.7461
165	491972.4818
166	491497.0065
167	490958.2237
168	490609.865
169	490363.7757
170	490085.5325
171	489670.5319
172	489311.5227
173	489024.7252
174	488604.6123
175	488286.3149
176	488111.3481
177	487828.0683
178	487491.0042
179	487136.2329
180	486801.0039
181	486624.0196
182	486459.3281
183	486013.5607
184	485754.1142
185	485556.7781
186	485243.6017
187	484881.4035
188	484580.0453
189	484338.4696
190	483989.837
191	483779.7039
192	483478.1498
193	483163.3999
194	482959.1008
195	482718.9851
196	482505.5003
197	482192.6571
198	481716.3068
199	481387.8214
200	481176.4538
201	481028.1136
202	480733.573
203	480560.2505
204	480325.5328
205	480017.6207
206	479786.5875
207	479463.1058
208	479246.6108
209	479008.1907
210	478832.3643
211	478718.2732
212	478595.4033
213	478384.7348
214	478254.277
215	478094.6996
216	477978.7494
217	477685.2099
218	477324.5311
219	476999.9159
220	476816.0713
221	476613.8458
222	476317.6354
223	476164.5653
224	475992.6052
225	475802.2715
226	475700.6942
227	475477.9245
228	475224.7004
229	474952.0572
230	474598.0425
231	474361.7807
232	474213.4062
233	474009.6001
234	473851.9214
235	473522.3504
236	473356.2612
237	473152.7633
238	472962.9627
239	472727.6207
240	472639.8747
241	472255.1555
242	472125.2131
243	472002.8093
244	471818.7024
245	471702.0044
246	471509.5061
247	471342.744
248	471206.0141
249	470980.1308
250	470886.1979
251	470522.1241
252	470364.4918
253	470226.1002
254	469863.8069
255	469624.726
256	469294.1745
257	469209.3221
258	469067.6341
259	468847.2151
260	468695.8894
261	468428.4403
262	468249.1401
263	468106.3818
264	467925.5326
265	467814.4891
266	467643.7996
267	467449.595
268	467238.2186
269	467176.5412
270	466962.9236
271	466817.5981
272	466555.8536
273	466427.8367
274	466197.6219
275	466016.5087
276	465699.2883
277	465515.8265
278	465223.5645
279	464943.6899
280	464790.3394
281	464499.9537
282	464354.017
283	464131.7214
284	463985.2365
285	463812.1007
286	463585.1802
287	463434.6476
288	463324.1661
289	463191.3645
290	463081.1434
291	462796.9765
292	462691.4921
293	462433.3158
294	462156.7911
295	462079.9511
296	461958.9029
297	461865.3183
298	461626.9728
299	461417.1798
300	461239.7491
301	461018.0175
302	460830.5715
303	460690.7899
304	460536.8641
305	460278.2734
306	460112.9225
307	459813.6745
308	459512.8335
309	459176.4639
310	459090.9568
311	458904.4059
312	458784.0116
313	458559.099
314	458454.8704
315	458347.4381
316	457719.3036
317	457489.0699
318	457338.0659
319	457252.0288
320	457122.8808
321	456972.4366
322	456798.1605
323	456673.8934
324	456548.7867
325	456283.8446
326	456049.3491
327	455728.1188
328	455636.4833
329	455490.0312
330	455375.3096
331	455216.2519
332	454742.7336
333	454326.281
334	454213.5273
335	453955.4738
336	453841.3883
337	453585.9047
338	453452.4528
339	453137.5356
340	452782.3167
341	452628.8076
342	452421.2719
343	452210.7214
344	451585.6017
345	451439.3506
346	451331.8587
347	451155.7266
348	451010.6902
349	450842.7255
350	450541.2605
351	450408.9786
352	450227.6307
353	449892.5564
354	449816.078
355	449646.5237
356	449579.1351
357	449401.6685
358	449271.1619
359	449017.8389
360	448391.7003
361	448126.4106
362	447977.7705
363	447870.3391
364	447689.4023
365	447548.9365
366	447379.458
367	447170.1949
368	446883.0007
369	446662.1724
370	446471.4795
371	446291.5164
372	446158.3359
373	445971.1289
374	445703.5669
375	445515.2208
376	445212.4865
377	444830.8751
378	444719.9235
379	444569.6922
380	444353.2225
381	444181.138
382	443954.8167
383	443853.1778
384	443682.8351
385	443580.6765
386	443239.0183
387	443184.9019
388	442975.1918
389	442709.5423
390	442613.7698
391	442529.3512
392	442365.5598
393	442215.385
394	442132.8358
395	442015.1159
396	441904.709
397	441736.4333
398	441701.851
399	441615.8931
400	441565.6343
401	441461.3246
402	441349.3279
403	441208.413
404	441106.2299
405	440978.0871
406	440803.4709
407	440533.2482
408	440334.8047
409	440251.1682
410	440125.2314
411	439884.2214
412	439673.5745
413	439569.8942
414	439412.6921
415	439235.5499
416	439000.0197
417	438852.274
418	438787.4843
419	438692.8955
420	438598.8038
421	438440.0606
422	438282.8756
423	438147.5802
424	438040.6544
425	437695.862
426	437611.2936
427	437567.4469
428	437486.4953
429	437369.6407
430	437214.0038
431	436952.5301
432	436510.8369
433	436351.3831
434	436158.8412
435	436065.4888
436	435966.2821
437	435894.783
438	435743.8463
439	435609.313
440	435423.6077
441	435331.5068
442	435205.3671
443	435115.4613
444	434923.5146
445	434860.8258
446	434676.1296
447	434606.7733
448	434509.3327
449	434312.0162
450	434163.7847
451	434033.0752
452	433991.0579
453	433887.1611
454	433741.8599
455	433677.0718
456	433530.4305
457	433215.5628
458	433115.2009
459	433043.3981
460	432763.7228
461	432712.3645
462	432569.7366
463	432441.2816
464	432199.513
465	432164.8089
466	432094.1264
467	431792.198
468	431533.2104
469	431410.0861
470	431203.511
471	430914.5702
472	430864.6677
473	430736.1303
474	430664.3581
475	430434.7163
476	430210.1015
477	430104.9118
478	429918.9047
479	429759.2417
480	429682.0684
481	429646.4043
482	429588.6752
483	429440.443
484	429244.7658
485	429127.0749
486	428966.8268
487	428821.0842
488	428758.0316
489	428635.3284
490	428504.7253
491	428382.7929
492	428238.5939
493	428095.4406
494	427937.4555
495	427787.2961
496	427633.4503
497	427493.1325
498	427330.8249
499	427257.2151
500	427166.1786
501	427028.8035
502	426990.3131
503	426948.5962
504	426850.516
505	426725.8971
506	426575.0971
507	426469.7839
508	426388.4458
509	426307.6258
510	426158.1157
511	426066.8655
512	425925.7258
513	425759.1707
514	425669.6864
515	425544.6537
516	425410.922
517	425281.1389
518	425162.2732
519	425010.9677
520	424898.108
521	424848.7676
522	424732.9782
523	424680.0076
524	424492.1284
525	424361.5813
526	424266.443
527	424033.4989
528	423976.328
529	423900.3223
530	423765.6463
531	423667.3492
532	423542.2877
533	423478.9732
534	423342.8632
535	423268.8049
536	423204.1506
537	423079.3507
538	422951.4629
539	422830.5996
540	422788.2558
541	422671.3219
542	422563.8141
543	422403.1798
544	422261.1779
545	422169.3242
546	422016.3156
547	421928.219
548	421808.2046
549	421701.0859
550	421546.8942
551	421340.547
552	421278.5575
553	421172.6295
554	420979.1959
555	420848.8051
556	420752.5944
557	420636.0725
558	420482.9397
559	420368.2276
560	420229.6095
561	420156.0873
562	420055.4532
563	419775.7896
564	419639.2527
565	419572.6307
566	419448.3237
567	419258.4051
568	419055.6642
569	418893.9818
570	418753.6988
571	418718.5855
572	418635.4644
573	418509.6712
574	418424.5537
575	418335.3892
576	418276.0759
577	418213.2992
578	418125.252
579	418066.2029
580	417984.9178
581	417923.7066
582	417810.6551
583	417728.7295
584	417665.6239
585	417610.1298
586	417567.9602
587	417391.1409
588	417282.2352
589	417210.3009
590	416997.9331
591	416928.6162
592	416864.8451
593	416762.5865
594	416637.3384
595	416518.5148
596	416419.7017
597	416380.1355
598	416160.7134
599	416054.6101
600	415833.4119
601	415797.5131
602	415741.5181
603	415615.8988
604	415479.9954
605	415366.8549
606	415268.0067
607	415174.069
608	415111.7607
609	415037.8256
610	414954.1173
611	414794.7751
612	414692.8035
613	414606.402
614	414506.0353
615	414362.521
616	414287.5417
617	414186.3768
618	414147.9401
619	414046.3549
620	413992.9045
621	413898.8733
622	413801.9148
623	413709.2446
624	413664.5655
625	413570.343
626	413400.2722
627	413361.686
628	413067.8116
629	412880.6602
630	412817.5916
631	412732.7411
632	412621.0458
633	412563.0898
634	412457.2753
635	412325.7509
636	412299.7261
637	412193.7579
638	412105.503
639	412057.4426
640	411987.8708
641	411946.7259
642	411873.7273
643	411783.8402
644	411749.2142
645	411585.2584
646	411405.2672
647	411383.3709
648	411255.9069
649	411156.7875
650	411102.2603
651	411047.1644
652	411030.9544
653	410942.6533
654	410818.9872
655	410731.1176
656	410640.0629
657	410581.777
658	410548.5559
659	410466.3095
660	410264.9344
661	410203.56
662	410112.5587
663	410036.0994
664	409994.1355
665	409936.1905
666	409886.6752
667	409862.2057
668	409718.9353
669	409633.8957
670	409555.9759
671	409465.3972
672	409365.4863
673	409301.397
674	409217.1263
675	409134.5426
676	409014.4872
677	408977.105
678	408920.9558
679	408866.0904
680	408833.0028
681	408755.1007
682	408684.4926
683	408613.7016
684	408507.7432
685	408380.8173
686	408292.9363
687	408256.3961
688	408187.38
689	408073.4584
690	408028.8306
691	407968.5865
692	407864.1324
693	407789.4139
694	407764.4221
695	407632.6135
696	407576.6119
697	407457.001
698	407329.86
699	407278.2945
700	407156.1319
701	407135.0049
702	407020.8138
703	406971.0787
704	406828.1447
705	406803.1644
706	406733.1704
707	406632.3196
708	406554.0477
709	406437.9221
710	406265.0749
711	406203.4162
712	406098.2463
713	406053.458
714	406004.5786
715	405894.4107
716	405803.9911
717	405713.8949
718	405539.5855
719	405412.6968
720	405279.1088
721	405124.2931
722	405016.3
723	404928.757
724	404888.4827
725	404773.1173
726	404716.4736
727	404650.1174
728	404539.3077
729	404401.4455
730	404327.1918
731	404279.128
732	404158.4086
733	404043.099
734	403960.4909
735	403930.5146
736	403879.8678
737	403702.6376
738	403679.5872
739	403602.6948
740	403452.8963
741	403255.0292
742	403223.6555
743	403094.9091
744	402951.1232
745	402881.4519
746	402832.6958
747	402669.429
748	402564.5559
749	402512.0041
750	402425.8086
751	402363.9643
752	402190.988
753	402032.4874
754	401961.2334
755	401914.6079
756	401856.3943
757	401796.525
758	401747.5212
759	401621.0511
760	401507.0271
761	401401.2841
762	401278.0064
763	401216.9469
764	401166.2269
765	401055.8609
766	400868.1737
767	400824.899
768	400681.1815
769	400593.5331
770	400560.7774
771	400492.809
772	400461.6873
773	400252.2617
774	400162.9174
775	400067.1279
776	400047.3339
777	399916.8038
778	399854.8024
779	399723.7941
780	399674.6663
781	399575.6177
782	399481.6586
783	399388.1419
784	399289.0764
785	399112.6599
786	399074.8773
787	398978.5099
788	398933.9438
789	398870.9845
790	398806.5203
791	398653.6722
792	398600.5648
793	398497.0614
794	398429.9015
795	398373.2334
796	398339.8579
797	398262.4863
798	398205.9879
799	398162.7873
800	398124.4356
801	397982.6671
802	397866.5047
803	397799.0101
804	397699.9382
805	397559.5157
806	397505.5871
807	397443.4083
808	397364.9286
809	397256.7815
810	397149.6036
811	397112.0341
812	397060.7355
813	396968.9123
814	396871.8584
815	396822.4746
816	396770.1971
817	396693.064
818	396579.6967
819	396530.1811
820	396494.1476
821	396430.8932
822	396365.6443
823	396288.8677
824	396183.6269
825	396056.1205
826	395984.915
827	395893.4275
828	395858.7993
829	395698.2104
830	395551.7157
831	395441.091
832	395351.365
833	395279.7111
834	395221.439
835	395201.1525
836	395128.6146
837	395089.2419
838	395027.9482
839	394801.9144
840	394739.413
841	394568.3393
842	394427.4476
843	394357.3525
844	394254.2115
845	394156.9444
846	394079.6467
847	394046.7559
848	393965.1866
849	393926.4439
850	393822.2502
851	393799
852	393744.0895
853	393622.089
854	393526.3192
855	393482.3999
856	393428.0218
857	393375.807
858	393323.4242
859	393251.8838
860	393177.4248
861	393127.9913
862	393087.9055
863	393034.16
864	392979.808
865	392915.6053
866	392865.2976
867	392793.6245
868	392694.0175
869	392641.4223
870	392590.1671
871	392531.1576
872	392410.6873
873	392287.893
874	392153.1972
875	392111.9201
876	391972.0107
877	391812.7447
878	391766.3203
879	391690.7973
880	391625.1349
881	391554.7147
882	391466.8816
883	391356.0468
884	391301.5197
885	391193.101
886	391053.1377
887	391014.0103
888	390984.8191
889	390919.31
890	390878.571
891	390754.9591
892	390694.1949
893	390550.3638
894	390414.3871
895	390360.2318
896	390322.3676
897	390240.6609
898	390156.0439
899	390112.5771
900	390007.6514
901	389918.5376
902	389857.5437
903	389714.7272
904	389625.768
905	389601.7501
906	389497.4207
907	389476.3999
908	389323.3313
909	389293.1713
910	389226.3311
911	389117.4147
912	389085.93
913	388996.7192
914	388874.0818
915	388762.7787
916	388710.8116
917	388681.9564
918	388665.4278
919	388595.4054
920	388517.7791
921	388489.9712
922	388369.0519
923	388347.7707
924	388266.4213
925	388123.131
926	388078.0483
927	387951.5117
928	387914.0885
929	387835.4454
930	387779.1511
931	387719.8231
932	387638.9556
933	387582.2682
934	387552.98
935	387518.1537
936	387406.9498
937	387324.0934
938	387267.5154
939	387205.4669
940	387132.0098
941	387036.4786
942	386902.3042
943	386790.9927
944	386615.2777
945	386524.2556
946	386443.1264
947	386403.0059
948	386313.0522
949	386185.019
950	386169.637
951	386109.6505
952	386057.1652
953	385970.7694
954	385854.6578
955	385834.2911
956	385799.961
957	385747.91
958	385651.3023
959	385625.5931
960	385555.9704
961	385523.6818
962	385388.9872
963	385282.7361
964	385249.4744
965	385152.0922
966	385093.3198
967	384996.1849
968	384969.5898
969	384891.6612
970	384778.8318
971	384741.3373
972	384698.1864
973	384643.3624
974	384541.7174
975	384522.1128
976	384440.1184
977	384413.9019
978	384378.52
979	384276.6102
980	384188.4131
981	384140.4344
982	384079.7623
983	384050.446
984	384036.6622
985	383970.7774
986	383913.7981
987	383878.8307
988	383766.9349
989	383704.8199
990	383641.7277
991	383612.6147
992	383582.7026
993	383519.8413
994	383457.3867
995	383395.4711
996	383271.953
997	383215.8377
998	383181.6569
999	383169.1288
1000	383061.1665
1001	383019.8016
1002	382938.2014
1003	382848.6932
1004	382728.2628
1005	382666.4923
1006	382553.8398
1007	382512.499
1008	382461.2712
1009	382356.331
1010	382262.3921
1011	382162.2606
1012	382137.6432
1013	382088.9
1014	381938.1129
1015	381882.1551
1016	381828.8041
1017	381768.1133
1018	381697.3789
1019	381612.9765
1020	381517.3779
1021	381469.4828
1022	381329.402
1023	381277.7747
1024	381155.8818
1025	381088.8796
1026	381034.511
1027	380981.1714
1028	380897.6023
1029	380845.7823
1030	380775.7268
1031	380689.3031
1032	380606.9044
1033	380555.2195
1034	380495.9401
1035	380450.336
1036	380395.779
1037	380327.267
1038	380256.7635
1039	380216.5821
1040	380164.7942
1041	380118.12
1042	380026.2981
1043	380013.8171
1044	379951.4788
1045	379928.3968
1046	379898.1667
1047	379782.6878
1048	379589.0708
1049	379558.3457
1050	379523.2692
1051	379432.1595
1052	379375.8148
1053	379311.6474
1054	379284.1533
1055	379175.7464
1056	379106.602
1057	379084.31
1058	378974.4193
1059	378906.7508
1060	378855.1405
1061	378801.6469
1062	378705.4023
1063	378616.8687
1064	378461.3518
1065	378427.2485
1066	378366.915
1067	378252.2036
1068	378167.7492
1069	378063.6555
1070	378034.2152
1071	377920.6062
1072	377849.9371
1073	377778.5301
1074	377721.7637
1075	377642.7119
1076	377593.8739
1077	377506.9838
1078	377447.3457
1079	377366.0657
1080	377307.1797
1081	377249.8256
1082	377184.6649
1083	377148.0628
1084	377064.4486
1085	377024.7762
1086	376910.7435
1087	376845.5115
1088	376799.8376
1089	376722.4164
1090	376673.9606
1091	376615.0177
1092	376517.4485
1093	376469.0185
1094	376395.1252
1095	376346.4911
1096	376330.483
1097	376248.832
1098	376208.8255
1099	376164.2527
1100	376116.4932
1101	376012.957
1102	375933.3398
1103	375899.2051
1104	375825.7901
1105	375787.728
1106	375746.3231
1107	375665.3336
1108	375594.9199
1109	375516.2708
1110	375473.1681
1111	375389.3818
1112	375353.8715
1113	375198.7049
1114	375176.6463
1115	375104.6482
1116	375050.6284
1117	375014.4528
1118	374946.6351
1119	374913.2054
1120	374874.6587
1121	374721.3033
1122	374688.2425
1123	374627.5924
1124	374601.8145
1125	374493.3388
1126	374360.2417
1127	374285.0179
1128	374215.1638
1129	374086.1137
1130	374050.4649
1131	373988.8925
1132	373870.0522
1133	373746.8567
1134	373679.9977
1135	373659.0225
1136	373599.4718
1137	373569.0812
1138	373368.074
1139	373321.4432
1140	373213.8855
1141	373037.6756
1142	372960.5539
1143	372749.3343
1144	372648.6419
1145	372551.7417
1146	372498.288
1147	372467.7902
1148	372427.5187
1149	372352.9724
1150	372326.519
1151	372309.8334
1152	372268.7295
1153	372206.3061
1154	372155.205
1155	372109.6309
1156	372011.1147
1157	371925.2568
1158	371889.0096
1159	371853.1959
1160	371828.1313
1161	371761.3866
1162	371618.8967
1163	371539.0523
1164	371504.9123
1165	371455.4969
1166	371434.0627
1167	371366.8164
1168	371283.7565
1169	371269.7471
1170	371110.3395
1171	370939.5736
1172	370917.676
1173	370869.0632
1174	370821.1838
1175	370776.7663
1176	370722.7669
1177	370679.9755
1178	370616.4135
1179	370574.5945
1180	370494.2332
1181	370373.1112
1182	370241.948
1183	370200.8273
1184	370166.6913
1185	370122.2469
1186	370040.2355
1187	370014.7921
1188	369916.6568
1189	369836.9186
1190	369698.5956
1191	369679.622
1192	369595.1381
1193	369579.4593
1194	369559.3119
1195	369549.4167
1196	369475.2234
1197	369437.0888
1198	369324.2297
1199	369104.4829
1200	369025.5422
1201	368908.8995
1202	368806.5175
1203	368776.2412
1204	368719.8233
1205	368694.0142
1206	368634.0278
1207	368581.0938
1208	368476.7724
1209	368395.3173
1210	368342.8109
1211	368261.6648
1212	368119.2289
1213	368086.8014
1214	368050.581
1215	368012.4872
1216	367993.9565
1217	367949.8081
1218	367919.1907
1219	367863.543
1220	367745.3088
1221	367712.6694
1222	367568.1357
1223	367529.9082
1224	367466.8503
1225	367436.6271
1226	367372.6011
1227	367350.2722
1228	367149.376
1229	367116.5369
1230	367024.944
1231	366978.3816
1232	366885.5842
1233	366832.8103
1234	366735.2382
1235	366686.1533
1236	366599.7554
1237	366535.2943
1238	366475.5084
1239	366428.5434
1240	366377.9332
1241	366346.6096
1242	366266.9821
1243	366176.3181
1244	366092.4027
1245	366040.6142
1246	365971.2112
1247	365923.255
1248	365866.4329
1249	365848.0723
1250	365800.7984
1251	365785.0934
1252	365722.8436
1253	365660.4576
1254	365620.8079
1255	365561.7098
1256	365533.9283
1257	365468.7325
1258	365423.2974
1259	365381.9601
1260	365361.1955
1261	365292.8702
1262	365217.473
1263	365163.6899
1264	365127.1553
1265	365066.2983
1266	365032.459
1267	364986.9964
1268	364927.1295
1269	364896.955
1270	364829.2679
1271	364780.3216
1272	364731.1599
1273	364690.4178
1274	364599.6027
1275	364507.6834
1276	364483.7331
1277	364400.4181
1278	364370.8253
1279	364265.691
1280	364209.1407
1281	364130.8564
1282	364039.2983
1283	363923.4507
1284	363812.0175
1285	363767.5174
1286	363689.8915
1287	363601.2682
1288	363563.273
1289	363378.9137
1290	363284.2521
1291	363228.2522
1292	363147.4812
1293	363116.0203
1294	363060.4653
1295	363010.5
1296	362968.6039
1297	362820.9669
1298	362716.1371
1299	362674.4237
1300	362623.7534
1301	362569.3693
1302	362499.9739
1303	362409.9299
1304	362354.2438
1305	362273.1431
1306	362237.8717
1307	362151.8308
1308	362093.0577
1309	361958.8872
1310	361913.5838
1311	361884.1906
1312	361822.1726
1313	361742.1929
1314	361718.7703
1315	361678.4414
1316	361621.2086
1317	361589.0337
1318	361427.3035
1319	361281.9233
1320	361204.5897
1321	361115.1327
1322	361026.3969
1323	360897.8472
1324	360776.6089
1325	360697.4105
1326	360677.865
1327	360645.8776
1328	360587.3821
1329	360540.2359
1330	360506.7563
1331	360483.952
1332	360435.4102
1333	360377.9537
1334	360303.5511
1335	360267.7021
1336	360159.2628
1337	360124.2882
1338	360082.6799
1339	360022.7367
1340	359972.6687
1341	359953.1243
1342	359905.633
1343	359814.6425
1344	359775.8871
1345	359746.7027
1346	359641.5984
1347	359541.4598
1348	359483.1144
1349	359441.8587
1350	359404.9524
1351	359370.3909
1352	359305.2897
1353	359210.4273
1354	359130.7941
1355	359073.7969
1356	359003.4676
1357	358947.8451
1358	358892.9447
1359	358837.0442
1360	358803.4743
1361	358720.9578
1362	358636.2949
1363	358593.636
1364	358534.9091
1365	358507.9385
1366	358432.9519
1367	358335.6053
1368	358261.7852
1369	358104.6893
1370	358064.2182
1371	357979.9711
1372	357944.099
1373	357885.7054
1374	357868.9164
1375	357768.7755
1376	357639.8071
1377	357570.7965
1378	357519.978
1379	357466.2357
1380	357427.4724
1381	357379.1984
1382	357319.2172
1383	357298.358
1384	357267.1981
1385	357206.7679
1386	357105.6454
1387	357058.8429
1388	356976.0674
1389	356889.6725
1390	356838.1806
1391	356751.4819
1392	356676.0564
1393	356620.1119
1394	356552.3637
1395	356457.993
1396	356387.7578
1397	356342.4698
1398	356308.5862
1399	356235.7554
1400	356210.0362
1401	356169.8886
1402	356049.3266
1403	355995.7846
1404	355917.042
1405	355844.1722
1406	355769.1999
1407	355746.7226
1408	355658.3616
1409	355573.0302
1410	355531.7388
1411	355436.2879
1412	355357.7247
1413	355338.0288
1414	355292.4818
1415	355224.3224
1416	355204.1986
1417	355120.2706
1418	355077.8523
1419	355031.9311
1420	354987.8035
1421	354930.3055
1422	354905.8999
1423	354856.6242
1424	354814.6022
1425	354798.1403
1426	354741.7249
1427	354691.7185
1428	354657.843
1429	354562.253
1430	354523.4916
1431	354499.4948
1432	354466.5892
1433	354402.4437
1434	354374.5785
1435	354344.5007
1436	354310.3355
1437	354233.6919
1438	354199.0093
1439	354170.7646
1440	354109.8603
1441	354060.9103
1442	354044.3897
1443	354012.8284
1444	353907.0954
1445	353892.6404
1446	353782.7725
1447	353741.8295
1448	353663.5552
1449	353543.8039
1450	353382.9078
1451	353291.9267
1452	353257.7658
1453	353195.9866
1454	353153.345
1455	353083.2217
1456	352957.0062
1457	352923.44
1458	352858.4249
1459	352835.8906
1460	352792.2184
1461	352765.0277
1462	352689.6253
1463	352650.5965
1464	352610.8181
1465	352577.683
1466	352533.9217
1467	352454.1015
1468	352382.3788
1469	352361.4037
1470	352312.6868
1471	352292.6685
1472	352256.0328
1473	352201.3806
1474	352057.814
1475	352006.0115
1476	351961.4586
1477	351956.0043
1478	351901.2975
1479	351853.7385
1480	351826.0422
1481	351651.8731
1482	351618.8569
1483	351576.0687
1484	351505.1445
1485	351453.1276
1486	351408.2908
1487	351389.0174
1488	351362.2008
1489	351308.8827
1490	351298.9852
1491	351256.0691
1492	351240.6247
1493	351204.1352
1494	351183.0071
1495	351164.6179
1496	351144.0603
1497	351080.8037
1498	351046.1568
1499	351004.9457
1500	350949.4587
1501	350890.3122
1502	350857.6157
1503	350833.7611
1504	350803.1455
1505	350757.0069
1506	350701.639
1507	350663.6517
1508	350628.3555
1509	350597.1515
1510	350499.8484
1511	350451.7109
1512	350426.8063
1513	350393.7976
1514	350314.6512
1515	350275.1657
1516	350194.2412
1517	350131.2206
1518	350103.0244
1519	350070.9378
1520	350004.3368
1521	349974.807
1522	349877.9431
1523	349824.2466
1524	349808.9967
1525	349791.6821
1526	349779.2248
1527	349639.9521
1528	349590.3655
1529	349561.4478
1530	349491.8012
1531	349458.3961
1532	349399.7436
1533	349339.4983
1534	349278.9991
1535	349161.3934
1536	349123.0015
1537	349090.3049
1538	349010.6824
1539	348934.787
1540	348882.2102
1541	348836.9582
1542	348754.7106
1543	348707.6885
1544	348666.2791
1545	348590.8551
1546	348556.5955
1547	348472.7849
1548	348365.1192
1549	348301.8981
1550	348283.8009
1551	348242.0546
1552	348189.7251
1553	348162.5429
1554	348110.4151
1555	348032.9693
1556	347961.5389
1557	347915.0969
1558	347856.9355
1559	347799.9864
1560	347775.7465
1561	347727.4684
1562	347685.2388
1563	347627.5013
1564	347591.0239
1565	347535.7016
1566	347487.1195
1567	347457.0878
1568	347370.2217
1569	347339.0045
1570	347266.808
1571	347216.266
1572	347150.5967
1573	347109.2575
1574	347091.0361
1575	347023.2334
1576	347000.1871
1577	346977.7466
1578	346907.5309
1579	346878.3631
1580	346868.8873
1581	346856.851
1582	346811.085
1583	346785.6383
1584	346730.5436
1585	346713.6556
1586	346661.4339
1587	346554.9534
1588	346532.9295
1589	346516.7439
1590	346469.197
1591	346421.35
1592	346394.0073
1593	346367.3456
1594	346332.2133
1595	346311.1041
1596	346221.8852
1597	346172.8549
1598	346137.82
1599	346112.5886
1600	346039.0544
1601	345986.5299
1602	345958.0829
1603	345894.2825
1604	345865.0096
1605	345832.7158
1606	345810.6593
1607	345756.9318
1608	345728.7716
1609	345702.3313
1610	345621.0012
1611	345571.0468
1612	345512.5319
1613	345445.7141
1614	345400.5402
1615	345284.4635
1616	345275.4988
1617	345237.3311
1618	345170.0783
1619	345117.3098
1620	345075.8075
1621	345040.7291
1622	345025.0731
1623	345004.5058
1624	344948.852
1625	344892.9049
1626	344864.8254
1627	344830.6271
1628	344802.4998
1629	344710.2635
1630	344663.1825
1631	344591.3077
1632	344539.0531
1633	344509.3653
1634	344487.153
1635	344422.0504
1636	344395.7172
1637	344352.8851
1638	344300.4395
1639	344241.5615
1640	344209.5467
1641	344136.4513
1642	344097.7686
1643	344001.4511
1644	343938.2711
1645	343911.4583
1646	343847.5309
1647	343818.4097
1648	343772.7227
1649	343734.5058
1650	343702.9967
1651	343656.5097
1652	343601.3831
1653	343524.7566
1654	343491.3348
1655	343459.1534
1656	343433.8379
1657	343392.208
1658	343319.0487
1659	343288.1084
1660	343246.455
1661	343205.4878
1662	343149.6972
1663	343117.0444
1664	343078.0715
1665	343063.133
1666	342953.8792
1667	342839.6791
1668	342800.758
1669	342743.2949
1670	342659.7179
1671	342631.5743
1672	342608.2347
1673	342580.9352
1674	342502.039
1675	342467.068
1676	342345.8473
1677	342318.6099
1678	342269.5705
1679	342223.7947
1680	342178.7655
1681	342096.9609
1682	341942.3848
1683	341914.9113
1684	341910.6891
1685	341892.7496
1686	341791.5528
1687	341700.3259
1688	341625.3569
1689	341569.165
1690	341520.5167
1691	341476.7767
1692	341415.5965
1693	341383.0429
1694	341351.3322
1695	341293.9905
1696	341226.6327
1697	341187.0017
1698	341114.0659
1699	341041.066
1700	341009.4852
1701	340980.9168
1702	340950.8236
1703	340875.6494
1704	340817.5297
1705	340779.0032
1706	340757.6615
1707	340681.207
1708	340617.3803
1709	340581.2634
1710	340555.1994
1711	340492.529
1712	340431.8136
1713	340374.5519
1714	340345.4083
1715	340255.7906
1716	340207.3467
1717	340182.0765
1718	340143.4599
1719	340099.0199
1720	340026.9102
1721	339985.7786
1722	339974.3308
1723	339884.5121
1724	339815.6065
1725	339777.7184
1726	339747.9479
1727	339688.4091
1728	339609.0025
1729	339537.7594
1730	339504.7302
1731	339377.8293
1732	339324.7764
1733	339286.23
1734	339242.128
1735	339140.8981
1736	339100.0067
1737	339078.7359
1738	339046.5309
1739	338998.4113
1740	338985.1243
1741	338915.8767
1742	338872.6198
1743	338833.3362
1744	338800.3576
1745	338751.3953
1746	338676.7018
1747	338639.5235
1748	338573.1863
1749	338538.4802
1750	338504.6921
1751	338400.9753
1752	338349.7113
1753	338300.5213
1754	338279.788
1755	338197.1572
1756	338173.5242
1757	338126.0302
1758	338103.1594
1759	338092.9813
1760	338047.8072
1761	337963.6984
1762	337953.2037
1763	337889.8746
1764	337869.3377
1765	337815.4207
1766	337775.4643
1767	337729.9115
1768	337692.5048
1769	337665.2003
1770	337607.1549
1771	337586.7405
1772	337540.6252
1773	337508.1911
1774	337453.3419
1775	337411.1296
1776	337362.5352
1777	337278.4202
1778	337213.6585
1779	337144.4906
1780	337072.0858
1781	337039.3361
1782	337022.0611
1783	336997.1885
1784	336972.85
1785	336936.347
1786	336882.7331
1787	336833.2684
1788	336761.996
1789	336719.849
1790	336695.2556
1791	336628.2917
1792	336558.0632
1793	336495.1318
1794	336449.0954
1795	336400.6098
1796	336374.3998
1797	336353.1344
1798	336315.9491
1799	336270.2851
1800	336180.4912
1801	336124.6805
1802	336071.5566
1803	336009.8296
1804	335941.0992
1805	335927.2345
1806	335824.6868
1807	335759.0897
1808	335723.783
1809	335687.7289
1810	335580.4009
1811	335560.9529
1812	335501.6278
1813	335405.1743
1814	335385.0251
1815	335348.1608
1816	335205.8063
1817	335133.6886
1818	335091.3115
1819	335016.3461
1820	334968.5089
1821	334938.6989
1822	334891.4379
1823	334838.9417
1824	334789.9094
1825	334724.6391
1826	334704.9288
1827	334622.6164
1828	334571.8383
1829	334547.1382
1830	334508.4397
1831	334479.0662
1832	334465.4885
1833	334440.947
1834	334397.6317
1835	334337.8074
1836	334331.4829
1837	334283.0191
1838	334243.4416
1839	334176.0535
1840	334148.3123
1841	334122.1339
1842	334052.816
1843	334011.9973
1844	333931.9866
1845	333889.0535
1846	333820.4989
1847	333790.4873
1848	333778.7785
1849	333740.9725
1850	333692.6806
1851	333634.6659
1852	333589.4721
1853	333580.8288
1854	333546.7158
1855	333528.3561
1856	333414.2294
1857	333387.696
1858	333337.7999
1859	333307.6114
1860	333266.4603
1861	333239.7746
1862	333216.4513
1863	333181.0149
1864	333171.4379
1865	333132.0911
1866	333058.841
1867	333044.3326
1868	333020.7955
1869	332986.1035
1870	332957.2028
1871	332915.3427
1872	332893.361
1873	332846.7808
1874	332793.0351
1875	332746.2979
1876	332701.1293
1877	332694.3026
1878	332635.8189
1879	332621.3433
1880	332567.7453
1881	332542.4794
1882	332491.8837
1883	332441.8531
1884	332367.8203
1885	332331.4151
1886	332236.5183
1887	332216.1143
1888	332182.7937
1889	332157.2229
1890	332131.8554
1891	332090.4786
1892	332046.3971
1893	331965.3266
1894	331941.8527
1895	331912.213
1896	331886.894
1897	331808.8669
1898	331784.967
1899	331758.3961
1900	331713.7223
1901	331640.0472
1902	331606.6762
1903	331539.6597
1904	331520.0312
1905	331505.192
1906	331473.2342
1907	331449.6751
1908	331437.0674
1909	331337.4083
1910	331329.5118
1911	331290.4721
1912	331243.7911
1913	331195.0145
1914	331128.603
1915	331099.9517
1916	331076.6237
1917	331060.6402
1918	331012.2124
1919	330958.0448
1920	330884.1839
1921	330874.0847
1922	330821.462
1923	330779.9942
1924	330772.9524
1925	330730.2224
1926	330682.7062
1927	330646.2079
1928	330605.1088
1929	330581.9112
1930	330494.0752
1931	330473.8831
1932	330423.4703
1933	330367.9033
1934	330351.7115
1935	330309.6443
1936	330263.7728
1937	330218.5262
1938	330131.2045
1939	330096.7947
1940	330065.3866
1941	330052.2761
1942	330000.4461
1943	329971.3281
1944	329951.676
1945	329914.1468
1946	329896.1288
1947	329805.6418
1948	329777.5464
1949	329741.3228
1950	329727.9836
1951	329692.0661
1952	329635.9676
1953	329560.9416
1954	329518.5703
1955	329471.2589
1956	329405.2645
1957	329371.3758
1958	329328.7879
1959	329285.871
1960	329237.4159
1961	329210.619
1962	329189.4907
1963	329109.7788
1964	329076.2342
1965	329026.893
1966	329006.4717
1967	328941.3664
1968	328882.484
1969	328872.0015
1970	328843.1989
1971	328820.9492
1972	328766.5686
1973	328754.5668
1974	328679.7997
1975	328660.0473
1976	328653.6401
1977	328602.0329
1978	328567.696
1979	328528.406
1980	328472.2835
1981	328430.3115
1982	328388.9044
1983	328329.4355
1984	328254.3442
1985	328230.4421
1986	328177.3481
1987	328135.4932
1988	328057.5873
1989	327997.3867
1990	327988.5199
1991	327960.0023
1992	327908.2804
1993	327833.6537
1994	327786.4682
1995	327736.4163
1996	327663.6744
1997	327640.0515
1998	327623.554
1999	327606.0871
2000	327579.9448
2001	327527.1424
2002	327436.0153
2003	327397.2432
2004	327358.606
2005	327334.5787
2006	327312.3792
2007	327275.1615
2008	327266.8511
2009	327216.9833
2010	327180.3517
2011	327146.6243
2012	327091.7245
2013	327081.4244
2014	327057.4651
2015	327015.2443
2016	327003.4626
2017	326976.2762
2018	326939.673
2019	326895.7484
2020	326856.727
2021	326832.5179
2022	326816.3465
2023	326746.3282
2024	326659.7655
2025	326604.285
2026	326568.6168
2027	326527.3883
2028	326496.9211
2029	326459.5947
2030	326430.394
2031	326410.6877
2032	326305.5213
2033	326266.1067
2034	326252.317
2035	326220.5809
2036	326160.4169
2037	326097.4478
2038	326048.1889
2039	325997.461
2040	325966.5008
2041	325923.4237
2042	325883.175
2043	325871.5914
2044	325816.1671
2045	325789.9759
2046	325734.6392
2047	325680.4471
2048	325639.2717
2049	325594.2216
2050	325568.0871
2051	325530.0228
2052	325525.9788
2053	325479.2729
2054	325431.9747
2055	325345.7712
2056	325260.7987
2057	325206.0767
2058	325187.5628
2059	325154.3764
2060	325129.3625
2061	325115.3869
2062	325091.6241
2063	325049.5297
2064	325020.9055
2065	324997.8413
2066	324941.8887
2067	324882.565
2068	324865.1561
2069	324836.1076
2070	324817.1943
2071	324767.424
2072	324706.8882
2073	324641.311
2074	324615.4913
2075	324603.6672
2076	324545.6363
2077	324504.6346
2078	324471.4853
2079	324422.1474
2080	324365.9124
2081	324325.0825
2082	324293.749
2083	324260.3769
2084	324233.3537
2085	324115.3191
2086	324078.9877
2087	324052.2741
2088	324050.1917
2089	324006.8342
2090	323965.7864
2091	323902.3693
2092	323843.9908
2093	323809.2709
2094	323745.3554
2095	323689.8068
2096	323632.214
2097	323575.4407
2098	323549.8428
2099	323538.9144
2100	323482.1865
2101	323433.5147
2102	323340.697
2103	323287.8188
2104	323225.1569
2105	323218.1083
2106	323181.9471
2107	323159.5713
2108	323118.4137
2109	323094.1204
2110	323056.813
2111	322979.4335
2112	322955.2635
2113	322878.6798
2114	322862.2195
2115	322836.2663
2116	322810.7401
2117	322798.3781
2118	322768.4709
2119	322710.6732
2120	322657.405
2121	322641.852
2122	322586.0623
2123	322527.5668
2124	322473.0811
2125	322445.4103
2126	322395.2387
2127	322322.5887
2128	322303.6868
2129	322254.2872
2130	322212.9639
2131	322193.8578
2132	322177.845
2133	322159.5137
2134	322033.1483
2135	322013.1792
2136	321956.4252
2137	321847.6847
2138	321815.9145
2139	321782.7979
2140	321727.6531
2141	321704.4058
2142	321689.2619
2143	321658.3389
2144	321631.9964
2145	321601.4551
2146	321542.2117
2147	321517.8312
2148	321430.349
2149	321361.2028
2150	321332.1121
2151	321252.1241
2152	321222.8801
2153	321149.3332
2154	321140.7183
2155	321105.7324
2156	321041.7195
2157	321026.9621
2158	320991.3765
2159	320921.0868
2160	320858.4031
2161	320806.4874
2162	320727.0351
2163	320708.0165
2164	320642.7802
2165	320589.8058
2166	320563.4897
2167	320485.6204
2168	320477.7129
2169	320446.0666
2170	320433.0269
2171	320416.1604
2172	320395.393
2173	320383.3449
2174	320341.715
2175	320319.0417
2176	320295.8325
2177	320266.7864
2178	320257.0765
2179	320251.4506
2180	320222.1143
2181	320193.8438
2182	320144.276
2183	320104.1477
2184	320075.6483
2185	320046.9707
2186	320001.7689
2187	319993.9945
2188	319986.53
2189	319942.375
2190	319889.31
2191	319814.5413
2192	319712.3797
2193	319689.2682
2194	319635.7729
2195	319600.922
2196	319571.959
2197	319521.7469
2198	319476.5712
2199	319411.8608
2200	319399.3172
2201	319329.682
2202	319271.6042
2203	319225.4428
2204	319211.9517
2205	319171.6982
2206	319120.2795
2207	319081.712
2208	319062.3423
2209	319042.5967
2210	318984.4971
2211	318939.5109
2212	318888.7373
2213	318858.6286
2214	318829.0176
2215	318758.5493
2216	318701.5087
2217	318667.8537
2218	318622.0849
2219	318590.8757
2220	318537.6246
2221	318509.0891
2222	318462.4947
2223	318413.7138
2224	318371.5164
2225	318348.2864
2226	318328.2458
2227	318251.6221
2228	318228.4127
2229	318214.8344
2230	318152.3073
2231	318125.8869
2232	318081.9554
2233	318026.6779
2234	317998.6221
2235	317969.7742
2236	317938.7136
2237	317917.5748
2238	317895.4407
2239	317835.6792
2240	317797.773
2241	317777.6582
2242	317708.2673
2243	317691.5595
2244	317625.5769
2245	317599.1068
2246	317574.3337
2247	317523.3582
2248	317456.5634
2249	317442.7875
2250	317380.1525
2251	317357.6003
2252	317309.7706
2253	317283.324
2254	317198.7803
2255	317172.4463
2256	317108.99
2257	317082.6422
2258	317040.691
2259	317015.1167
2260	316997.7861
2261	316968.6878
2262	316937.1227
2263	316892.8383
2264	316875.4673
2265	316852.7033
2266	316833.6473
2267	316763.3375
2268	316738.9289
2269	316706.3979
2270	316611.9908
2271	316581.7483
2272	316544.6434
2273	316474.5149
2274	316441.3561
2275	316400.2609
2276	316391.4192
2277	316354.6211
2278	316327.7864
2279	316314.0432
2280	316264.141
2281	316253.2859
2282	316208.0463
2283	316165.4877
2284	316148.1125
2285	316128.4924
2286	316102.1959
2287	316066.6952
2288	316036.4726
2289	316018.657
2290	315974.8826
2291	315913.6164
2292	315846.7289
2293	315823.8462
2294	315817.9711
2295	315778.5401
2296	315744.9876
2297	315710.6898
2298	315661.2921
2299	315623.6158
2300	315592.3907
2301	315571.5846
2302	315553.8782
2303	315525.5895
2304	315495.0322
2305	315470.2273
2306	315448.9777
2307	315389.8904
2308	315361.2878
2309	315330.6123
2310	315297.1271
2311	315269.1663
2312	315246.4012
2313	315186.0866
2314	315152.2462
2315	315103.388
2316	315015.1157
2317	314982.4389
2318	314947.1818
2319	314912.6414
2320	314861.4474
2321	314834.0876
2322	314797.6661
2323	314779.0737
2324	314723.8429
2325	314702.2306
2326	314685.4131
2327	314653.5446
2328	314622.2151
2329	314590.4639
2330	314560.9832
2331	314541.753
2332	314534.4571
2333	314477.5912
2334	314442.6846
2335	314395.2546
2336	314373.2774
2337	314338.3744
2338	314313.406
2339	314281.4466
2340	314263.4646
2341	314207.8259
2342	314089.3945
2343	314065.178
2344	314038.4989
2345	314025.8522
2346	313980.3539
2347	313946.0849
2348	313896.0732
2349	313860.4766
2350	313797.0708
2351	313759.3513
2352	313723.6436
2353	313682.4211
2354	313628.7928
2355	313557.7241
2356	313515.618
2357	313479.5392
2358	313443.1016
2359	313421.1529
2360	313393.0296
2361	313384.8474
2362	313359.9658
2363	313331.3101
2364	313307.3655
2365	313292.7961
2366	313282.9649
2367	313205.2921
2368	313191.9574
2369	313168.1128
2370	313120.5486
2371	313047.5135
2372	313019.1027
2373	312968.6276
2374	312945.9258
2375	312866.9293
2376	312853.181
2377	312824.6943
2378	312761.5269
2379	312738.1176
2380	312730.9756
2381	312717.2371
2382	312697.8718
2383	312649.6681
2384	312621.4645
2385	312536.095
2386	312496.7647
2387	312483.3256
2388	312433.7842
2389	312416.8967
2390	312396.1284
2391	312371.0945
2392	312326.2501
2393	312288.4468
2394	312253.1121
2395	312159.8196
2396	312083.3006
2397	312067.5201
2398	312020.2782
2399	311983.6768
2400	311976.2395
2401	311961.9146
2402	311936.0415
2403	311927.5619
2404	311915.4257
2405	311881.1936
2406	311849.279
2407	311824.2116
2408	311751.2721
2409	311728.135
2410	311666.6401
2411	311619.2009
2412	311595.3498
2413	311519.0624
2414	311462.4065
2415	311425.4318
2416	311392.4787
2417	311347.0321
2418	311327.3218
2419	311311.3482
2420	311294.5845
2421	311255.4944
2422	311214.5549
2423	311182.3524
2424	311144.6328
2425	311137.5298
2426	311109.4078
2427	311043.9882
2428	310980.758
2429	310968.4439
2430	310909.712
2431	310860.2766
2432	310812.4213
2433	310785.5306
2434	310758.2295
2435	310742.7324
2436	310730.4677
2437	310706.5209
2438	310678.0432
2439	310670.9159
2440	310643.8484
2441	310617.5156
2442	310590.6385
2443	310569.7789
2444	310554.9586
2445	310527.9175
2446	310479.6699
2447	310408.6144
2448	310374.7544
2449	310355.4772
2450	310288.0789
2451	310262.5175
2452	310224.3877
2453	310197.7677
2454	310173.7333
2455	310123.4605
2456	310086.1317
2457	310073.0942
2458	310036.7697
2459	310005.8117
2460	309987.3809
2461	309967.5615
2462	309930.1621
2463	309910.3081
2464	309849.9433
2465	309816.4588
2466	309803.387
2467	309782.8449
2468	309741.8463
2469	309725.923
2470	309705.8242
2471	309666.692
2472	309652.7749
2473	309619.4905
2474	309601.8226
2475	309571.9996
2476	309547.9475
2477	309526.205
2478	309507.2702
2479	309489.3499
2480	309460.8211
2481	309410.1601
2482	309364.8932
2483	309347.7035
2484	309307.0959
2485	309273.8952
2486	309241.1353
2487	309231.2052
2488	309197.0641
2489	309177.6113
2490	309154.7283
2491	309133.489
2492	309107.7892
2493	309084.4436
2494	309065.4462
2495	309019.7943
2496	308986.612
2497	308947.6921
2498	308927.1558
2499	308905.0606
2500	308831.9637
2501	308797.2707
2502	308731.0538
2503	308711.6434
2504	308676.0887
2505	308651.1709
2506	308588.0467
2507	308563.8529
2508	308552.1318
2509	308541.8981
2510	308523.9348
2511	308482.033
2512	308446.3342
2513	308410.6641
2514	308388.2177
2515	308364.4442
2516	308328.0437
2517	308311.0473
2518	308271.128
2519	308175.7035
2520	308150.0921
2521	308116.4203
2522	308089.9916
2523	308068.1968
2524	308041.5112
2525	308026.8749
2526	308001.1708
2527	307974.1302
2528	307934.4814
2529	307908.9948
2530	307879.5616
2531	307830.8845
2532	307796.9031
2533	307758.9784
2534	307749.2779
2535	307740.1916
2536	307710.9007
2537	307628.0323
2538	307612.2639
2539	307579.226
2540	307532.0444
2541	307456.9201
2542	307386.0542
2543	307355.6489
2544	307332.2496
2545	307293.6685
2546	307278.0209
2547	307251.0241
2548	307215.7042
2549	307183.4505
2550	307124.7104
2551	307066.1025
2552	307055.3702
2553	307043.0712
2554	307007.5063
2555	306986.4749
2556	306952.5048
2557	306894.0425
2558	306873.7114
2559	306855.3804
2560	306835.4485
2561	306808.4724
2562	306775.7845
2563	306753.8531
2564	306711.2657
2565	306693.321
2566	306663.8989
2567	306623.9502
2568	306606.5569
2569	306588.1872
2570	306545.0882
2571	306471.5804
2572	306420.7828
2573	306369.1286
2574	306338.9255
2575	306268.9896
2576	306244.3808
2577	306225.2097
2578	306206.8225
2579	306150.4209
2580	306132.7358
2581	306109.2687
2582	306084.8635
2583	306064.3379
2584	306016.5987
2585	305992.8035
2586	305950.5261
2587	305913.4286
2588	305904.357
2589	305886.7608
2590	305855.0865
2591	305793.4572
2592	305748.9612
2593	305732.4097
2594	305698.5988
2595	305681.7732
2596	305658.319
2597	305629.9422
2598	305585.8551
2599	305518.4539
2600	305509.4626
2601	305481.5629
2602	305439.1239
2603	305350.5266
2604	305332.5696
2605	305297.962
2606	305284.0762
2607	305224.7247
2608	305210.6122
2609	305185.0585
2610	305168.7434
2611	305126.6304
2612	305084.1779
2613	305050.4043
2614	305006.871
2615	304978.0541
2616	304944.9693
2617	304914.4713
2618	304848.4965
2619	304828.135
2620	304813.733
2621	304792.6498
2622	304713.5137
2623	304683.8104
2624	304640.8152
2625	304593.3983
2626	304556.1635
2627	304537.3808
2628	304489.7196
2629	304457.6344
2630	304421.927
2631	304391.9578
2632	304326.291
2633	304260.3314
2634	304233.7025
2635	304207.9497
2636	304178.0263
2637	304165.0533
2638	304127.3576
2639	304110.1807
2640	304084.6965
2641	304024.4177
2642	303981.7763
2643	303940.3423
2644	303887.3425
2645	303843.9907
2646	303814.6174
2647	303775.3791
2648	303771.8499
2649	303733.9789
2650	303703.3931
2651	303679.9333
2652	303622.5293
2653	303599.7035
2654	303584.0336
2655	303542.6046
2656	303524.7606
2657	303503.1094
2658	303496.1851
2659	303442.8463
2660	303436.079
2661	303398.9666
2662	303363.8939
2663	303356.1461
2664	303316.0069
2665	303285.6427
2666	303223.068
2667	303194.4481
2668	303179.9831
2669	303143.995
2670	303123.7616
2671	303108.3616
2672	303056.6728
2673	303007.7142
2674	302992.701
2675	302970.2143
2676	302923.7285
2677	302897.0712
2678	302884.8472
2679	302855.109
2680	302811.8951
2681	302799.2344
2682	302781.9305
2683	302757.4531
2684	302736.9519
2685	302725.5997
2686	302685.4797
2687	302658.881
2688	302647.2892
2689	302639.6722
2690	302597.2226
2691	302583.7808
2692	302557.4235
2693	302526.1495
2694	302503.2761
2695	302475.6057
2696	302446.3175
2697	302416.8342
2698	302351.4217
2699	302332.6511
2700	302279.939
2701	302241.2153
2702	302225.3342
2703	302212.8878
2704	302190.4667
2705	302150.9575
2706	302132.5628
2707	302094.6207
2708	302061.4424
2709	302025.5795
2710	301986.5778
2711	301966.2974
2712	301943.6991
2713	301918.7708
2714	301887.6856
2715	301825.4295
2716	301813.5978
2717	301768.5607
2718	301687.8429
2719	301662.7534
2720	301634.2316
2721	301613.8031
2722	301583.8228
2723	301551.571
2724	301534.028
2725	301496.1857
2726	301476.2706
2727	301452.7397
2728	301428.3941
2729	301412.3098
2730	301391.8336
2731	301364.5141
2732	301343.1613
2733	301313.2874
2734	301280.0367
2735	301239.5277
2736	301230.8118
2737	301188.4513
2738	301161.6923
2739	301108.8849
2740	301086.1367
2741	301065.6681
2742	301029.6235
2743	301013.755
2744	300985.4743
2745	300968.0611
2746	300922.8107
2747	300890.7977
2748	300851.6851
2749	300830.614
2750	300815.8954
2751	300796.9351
2752	300744.9524
2753	300723.4175
2754	300705.803
2755	300674.84
2756	300645.2084
2757	300608.3748
2758	300567.0572
2759	300537.8036
2760	300516.53
2761	300459.0511
2762	300434.1644
2763	300389.7499
2764	300374.5979
2765	300364.6989
2766	300339.0803
2767	300321.4931
2768	300293.1777
2769	300226.0685
2770	300205.8419
2771	300141.8718
2772	300116.8899
2773	300089.6673
2774	300077.0481
2775	300043.8958
2776	300023.5185
2777	299904.6846
2778	299883.1127
2779	299854.6845
2780	299812.5729
2781	299776.6246
2782	299738.5762
2783	299675.7164
2784	299669.2458
2785	299644.9429
2786	299578.941
2787	299561.2485
2788	299515.0719
2789	299461.0187
2790	299439.4248
2791	299395.4994
2792	299375.3118
2793	299333.11
2794	299270.3691
2795	299240.9052
2796	299191.2411
2797	299171.8688
2798	299158.1162
2799	299137.8317
2800	299120.5977
2801	299098.771
2802	299084.1107
2803	299077.2196
2804	299031.9686
2805	299014.0274
2806	298981.2167
2807	298956.3193
2808	298916.6663
2809	298891.4203
2810	298842.6492
2811	298810.7826
2812	298802.1906
2813	298785.308
2814	298761.3322
2815	298720.7683
2816	298707.0126
2817	298639.0443
2818	298612.5702
2819	298590.6933
2820	298562.4801
2821	298531.28
2822	298508.7447
2823	298468.2417
2824	298436.5194
2825	298388.7575
2826	298354.5828
2827	298332.7526
2828	298247.1735
2829	298230.5865
2830	298211.8628
2831	298196.1941
2832	298137.6103
2833	298112.3196
2834	298054.0383
2835	298040.8624
2836	298011.4463
2837	298004.0046
2838	297982.4562
2839	297953.5267
2840	297915.1766
2841	297898.956
2842	297860.6732
2843	297810.2577
2844	297801.0104
2845	297778.4821
2846	297737.7134
2847	297716.737
2848	297660.6073
2849	297651.9827
2850	297608.8991
2851	297571.6225
2852	297548.8904
2853	297531.5395
2854	297499.9651
2855	297460.9174
2856	297418.59
2857	297375.5679
2858	297359.4552
2859	297333.8313
2860	297312.0219
2861	297294.0318
2862	297278.6629
2863	297244.0631
2864	297217.5424
2865	297207.2296
2866	297203.7158
2867	297187.656
2868	297154.7416
2869	297140.7358
2870	297118.291
2871	297097.0078
2872	297078.0813
2873	297061.4854
2874	297024.0233
2875	297010.2212
2876	296987.577
2877	296949.3799
2878	296918.0081
2879	296893.0555
2880	296881.5138
2881	296838.2547
2882	296815.9508
2883	296795.0645
2884	296779.6532
2885	296744.7117
2886	296726.1056
2887	296701.214
2888	296680.7991
2889	296605.4413
2890	296594.8782
2891	296561.4627
2892	296546.3316
2893	296510.6544
2894	296503.7232
2895	296472.0551
2896	296423.0638
2897	296348.4632
2898	296316.5969
2899	296269.4542
2900	296224.8678
2901	296201.7977
2902	296176.2348
2903	296156.701
2904	296128.1854
2905	296094.5528
2906	296077.1935
2907	296054.8644
2908	296025.3961
2909	295992.4324
2910	295970.91
2911	295948.3329
2912	295937.0895
2913	295922.948
2914	295908.3753
2915	295871.5832
2916	295845.0589
2917	295813.9844
2918	295803.4246
2919	295786.2274
2920	295769.7815
2921	295755.6589
2922	295744.4106
2923	295719.9962
2924	295699.3407
2925	295686.9531
2926	295655.8561
2927	295627.4213
2928	295603.2022
2929	295585.906
2930	295558.6235
2931	295546.652
2932	295484.3913
2933	295432.1283
2934	295402.6711
2935	295360.9006
2936	295324.8574
2937	295286.9808
2938	295246.7447
2939	295200.4635
2940	295141.5667
2941	295096.242
2942	295085.147
2943	295033.6144
2944	295008.6644
2945	294992.7823
2946	294965.2789
2947	294926.5962
2948	294893.2141
2949	294878.9535
2950	294855.7955
2951	294843.1497
2952	294833.0322
2953	294819.2044
2954	294776.1864
2955	294754.9197
2956	294726.8747
2957	294700.1715
2958	294681.227
2959	294664.3815
2960	294635.3994
2961	294616.1122
2962	294583.2182
2963	294528.3545
2964	294449.2784
2965	294421.0983
2966	294398.9253
2967	294378.4174
2968	294353.7795
2969	294326.1991
2970	294298.0312
2971	294246.1345
2972	294227.7321
2973	294201.5337
2974	294120.4311
2975	294068.1044
2976	294042.6372
2977	294024.7733
2978	294011.5214
2979	293991.9709
2980	293980.5458
2981	293961.3657
2982	293905.0396
2983	293845.5254
2984	293815.6812
2985	293768.7147
2986	293757.9103
2987	293709.6676
2988	293693.4866
2989	293649.2462
2990	293592.4543
2991	293550.0267
2992	293521.5099
2993	293485.5626
2994	293431.3589
2995	293408.4338
2996	293355.9684
2997	293313.8113
2998	293257.8651
2999	293243.3034
3000	293222.5953
3001	293202.4729
3002	293169.3579
3003	293137.031
3004	293101.7764
3005	293073.7968
3006	293059.9937
3007	293047.9742
3008	293032.6731
3009	293019.7856
3010	293005.2642
3011	292957.1124
3012	292937.2787
3013	292882.5798
3014	292845.5296
3015	292799.8355
3016	292779.7402
3017	292761.752
3018	292694.1468
3019	292683.7988
3020	292652.3468
3021	292622.9568
3022	292573.6837
3023	292536.3451
3024	292522.1126
3025	292486.6061
3026	292433.5047
3027	292420.3628
3028	292398.8532
3029	292381.4809
3030	292336.8325
3031	292301.0852
3032	292280.5687
3033	292275.3196
3034	292262.7825
3035	292243.9645
3036	292236.0504
3037	292205.6884
3038	292187.5947
3039	292167.0898
3040	292154.477
3041	292143.1318
3042	292133.7944
3043	292085.8471
3044	292045.1457
3045	292008.1199
3046	291990.2629
3047	291981.1769
3048	291959.5302
3049	291940.1292
3050	291912.7711
3051	291893.0019
3052	291863.2673
3053	291821.9696
3054	291786.7813
3055	291763.4658
3056	291695.6442
3057	291674.5306
3058	291637.7399
3059	291618.3587
3060	291583.5315
3061	291546.5179
3062	291489.3826
3063	291478.548
3064	291459.2612
3065	291449.9452
3066	291444.8555
3067	291416.6148
3068	291381.7547
3069	291329.384
3070	291302.4506
3071	291292.1672
3072	291256.4849
3073	291231.7289
3074	291195.2313
3075	291186.4814
3076	291137.8435
3077	291120.0463
3078	291092.1282
3079	291010.4673
3080	290977.7056
3081	290961.4394
3082	290920.9434
3083	290894.3385
3084	290884.0415
3085	290878.4528
3086	290854.3452
3087	290826.2997
3088	290816.8556
3089	290793.9517
3090	290769.8223
3091	290758.8907
3092	290708.5103
3093	290678.262
3094	290656.7307
3095	290621.9573
3096	290595.622
3097	290585.479
3098	290572.0058
3099	290554.1662
3100	290548.806
3101	290483.2966
3102	290456.5448
3103	290435.8834
3104	290397.0594
3105	290358.5552
3106	290342.8313
3107	290296.2283
3108	290276.4606
3109	290238.5643
3110	290209.8373
3111	290167.2367
3112	290144.8738
3113	290103.9199
3114	290076.1917
3115	290069.6721
3116	290039.3139
3117	290010.2035
3118	289989.827
3119	289980.8378
3120	289953.2989
3121	289946.3249
3122	289922.3968
3123	289877.305
3124	289857.9201
3125	289831.4769
3126	289797.2493
3127	289737.4208
3128	289709.5437
3129	289695.6254
3130	289663.3602
3131	289649.6108
3132	289645.3389
3133	289640.2044
3134	289618.4617
3135	289588.8676
3136	289546.3379
3137	289528.1635
3138	289494.2197
3139	289437.3653
3140	289405.5993
3141	289382.3228
3142	289353.6626
3143	289327.7964
3144	289290.4064
3145	289278.9551
3146	289250.7615
3147	289212.6212
3148	289169.6053
3149	289127.9386
3150	289077.2834
3151	289036.8117
3152	289022.4293
3153	288987.8569
3154	288949.2441
3155	288918.0105
3156	288874.2831
3157	288853.51
3158	288823.8344
3159	288811.7565
3160	288786.5522
3161	288765.1088
3162	288730.3039
3163	288700.0713
3164	288675.8957
3165	288629.19
3166	288618.6827
3167	288598.0757
3168	288562.1679
3169	288534.7393
3170	288507.2615
3171	288479.4221
3172	288429.9987
3173	288411.4503
3174	288388.773
3175	288358.8878
3176	288325.7033
3177	288254.3022
3178	288202.86
3179	288150.7081
3180	288103.5987
3181	288057.6405
3182	288048.1459
3183	288038.0009
3184	288014.9217
3185	288002.0467
3186	287951.2755
3187	287920.0232
3188	287905.0584
3189	287877.4018
3190	287853.7796
3191	287834.1894
3192	287801.9133
3193	287763.7118
3194	287737.8444
3195	287703.4748
3196	287692.1419
3197	287668.8807
3198	287632.1821
3199	287601.6777
3200	287542.2968
3201	287519.2384
3202	287465.2847
3203	287440.5199
3204	287386.6563
3205	287359.5169
3206	287343.9317
3207	287324.8996
3208	287271.9298
3209	287260.1937
3210	287223.8656
3211	287205.7804
3212	287176.0896
3213	287141.141
3214	287118.2302
3215	287078.0321
3216	287006.778
3217	286986.0178
3218	286930.5535
3219	286906.487
3220	286868.9335
3221	286858.2475
3222	286833.3192
3223	286799.0866
3224	286768.5715
3225	286726.7706
3226	286688.4599
3227	286659.5424
3228	286640.3947
3229	286626.9836
3230	286610.3742
3231	286582.428
3232	286552.4275
3233	286518.3992
3234	286503.9653
3235	286480.0379
3236	286456.7514
3237	286407.955
3238	286379.574
3239	286361.2629
3240	286312.3523
3241	286272.9086
3242	286245.8996
3243	286221.4475
3244	286205.3437
3245	286155.7583
3246	286122.1126
3247	286075.5835
3248	286019.6358
3249	286001.5693
3250	285954.9412
3251	285947.6616
3252	285931.735
3253	285863.5639
3254	285838.3617
3255	285814.8712
3256	285783.5376
3257	285769.7627
3258	285726.2474
3259	285695.7728
3260	285645.0232
3261	285610.6362
3262	285572.5807
3263	285560.0517
3264	285531.0135
3265	285510.7667
3266	285471.78
3267	285439.6249
3268	285417.1681
3269	285400.5322
3270	285373.9331
3271	285332.0963
3272	285302.8182
3273	285270.7846
3274	285239.2916
3275	285209.4816
3276	285132.4085
3277	285113.4651
3278	285087.172
3279	285049.7885
3280	285016.2151
3281	284990.958
3282	284951.8869
3283	284933.8682
3284	284927.085
3285	284918.1088
3286	284879.3933
3287	284845.4326
3288	284825.3309
3289	284799.4835
3290	284786.1643
3291	284740.3061
3292	284720.8056
3293	284691.6225
3294	284663.46
3295	284638.0681
3296	284619.5154
3297	284593.5713
3298	284563.1607
3299	284521.6528
3300	284502.5575
3301	284482.6738
3302	284423.8048
3303	284386.4092
3304	284353.8744
3305	284338.9757
3306	284321.5558
3307	284305.0477
3308	284270.1019
3309	284219.2816
3310	284208.1284
3311	284187.5353
3312	284165.1775
3313	284108.4246
3314	284082.4909
3315	284065.5643
3316	284035.7703
3317	284001.3667
3318	283982.579
3319	283968.6696
3320	283966.0903
3321	283958.3946
3322	283947.5959
3323	283918.92
3324	283862.0251
3325	283819.2491
3326	283810.958
3327	283751.2042
3328	283742.9457
3329	283694.8567
3330	283672.4512
3331	283660.7326
3332	283614.0588
3333	283590.9066
3334	283582.6978
3335	283558.3366
3336	283554.1862
3337	283543.7687
3338	283533.9129
3339	283490.0536
3340	283467.5586
3341	283443.595
3342	283423.6401
3343	283415.0432
3344	283400.8776
3345	283356.8563
3346	283318.3128
3347	283289.3224
3348	283261.7538
3349	283218.1732
3350	283188.4395
3351	283159.7002
3352	283151.8216
3353	283115.274
3354	283098.3627
3355	283093.2601
3356	283071.8647
3357	283056.4707
3358	283032.4077
3359	283009.1724
3360	282984.7725
3361	282960.3752
3362	282918.7239
3363	282910.4701
3364	282867.4566
3365	282828.3209
3366	282800.7816
3367	282782.0259
3368	282753.9142
3369	282717.5233
3370	282657.2605
3371	282639.0456
3372	282616.8395
3373	282556.4536
3374	282527.3608
3375	282484.4259
3376	282482.1891
3377	282459.6257
3378	282443.0767
3379	282435.9192
3380	282420.5422
3381	282397.8087
3382	282366.9322
3383	282333.2955
3384	282309.8914
3385	282285.1409
3386	282246.1755
3387	282219.6744
3388	282208.9557
3389	282180.2252
3390	282176.3074
3391	282143.9197
3392	282109.7196
3393	282074.1675
3394	282051.949
3395	282038.1026
3396	281995.9162
3397	281980.0176
3398	281970.8104
3399	281941.063
3400	281883.3162
3401	281851.8177
3402	281791.3649
3403	281772.6209
3404	281744.6651
3405	281723.7508
3406	281694.9585
3407	281640.5186
3408	281612.3933
3409	281605.4769
3410	281578.8387
3411	281545.636
3412	281526.4614
3413	281505.9056
3414	281480.2183
3415	281460.2376
3416	281441.1265
3417	281411.1125
3418	281382.4086
3419	281343.8167
3420	281319.3646
3421	281292.1784
3422	281239.1211
3423	281225.8063
3424	281202.3988
3425	281162.751
3426	281156.6894
3427	281142.9805
3428	281087.7527
3429	281072.4401
3430	281043.1546
3431	281037.1205
3432	281022.1655
3433	280985.0198
3434	280970.4679
3435	280957.2887
3436	280930.4558
3437	280914.4844
3438	280871.5004
3439	280856.9696
3440	280841.1981
3441	280824.7373
3442	280796.0596
3443	280786.027
3444	280753.7372
3445	280733.8415
3446	280727.3906
3447	280674.7895
3448	280655.6061
3449	280642.5332
3450	280599.1543
3451	280588.1214
3452	280570.9381
3453	280556.5167
3454	280547.1604
3455	280514.0011
3456	280485.283
3457	280456.7955
3458	280400.357
3459	280360.3067
3460	280328.9401
3461	280272.3505
3462	280254.5929
3463	280245.172
3464	280217.6906
3465	280198.1292
3466	280155.8651
3467	280140.3198
3468	280114.6397
3469	280074.3277
3470	280036.0018
3471	279991.6765
3472	279976.5491
3473	279963.2378
3474	279948.2366
3475	279933.0668
3476	279901.7252
3477	279884.5584
3478	279867.3417
3479	279861.9132
3480	279841.5681
3481	279834.3994
3482	279821.1906
3483	279798.6437
3484	279778.0741
3485	279755.3356
3486	279744.9108
3487	279717.1774
3488	279686.4275
3489	279675.6871
3490	279656.0537
3491	279637.8923
3492	279614.7067
3493	279591.9847
3494	279550.9239
3495	279530.5869
3496	279500.2194
3497	279479.0613
3498	279424.4877
3499	279395.6575
3500	279372.7147
3501	279349.7976
3502	279301.858
3503	279278.1791
3504	279272.062
3505	279256.1569
3506	279246.7953
3507	279233.8484
3508	279223.5055
3509	279193.8943
3510	279180.2551
3511	279143.0362
3512	279133.005
3513	279123.9196
3514	279053.6539
3515	279045.7404
3516	279021.0667
3517	279009.658
3518	278979.0943
3519	278926.0902
3520	278895.3455
3521	278857.8897
3522	278848.0054
3523	278826.9242
3524	278818.027
3525	278799.0491
3526	278767.7557
3527	278734.2096
3528	278674.1704
3529	278651.7862
3530	278637.7177
3531	278628.7026
3532	278616.6633
3533	278588.1122
3534	278562.1897
3535	278520.8966
3536	278472.7209
3537	278464.9055
3538	278442.0184
3539	278427.0544
3540	278401.4863
3541	278352.6282
3542	278341.333
3543	278295.4427
3544	278249.2296
3545	278239.4689
3546	278234.8094
3547	278189.4832
3548	278149.3545
3549	278106.9574
3550	278081.7379
3551	278026.5588
3552	277975.9635
3553	277929.9137
3554	277894.2074
3555	277874.5199
3556	277848.8132
3557	277825.2782
3558	277808.6402
3559	277793.3516
3560	277767.7572
3561	277737.983
3562	277703.2374
3563	277681.8881
3564	277633.0852
3565	277598.0732
3566	277571.4008
3567	277556.3092
3568	277523.1898
3569	277501.9107
3570	277479.6953
3571	277448.876
3572	277419.7736
3573	277392.5354
3574	277371.4074
3575	277339.5819
3576	277314.1627
3577	277288.2015
3578	277263.7735
3579	277213.2032
3580	277188.9051
3581	277152.0464
3582	277121.8186
3583	277104.8045
3584	277087.3649
3585	277077.2157
3586	277026.913
3587	277009.5505
3588	276985.0488
3589	276950.6486
3590	276934.3438
3591	276921.0897
3592	276880.992
3593	276864.9711
3594	276835.2575
3595	276811.0803
3596	276794.4332
3597	276759.2905
3598	276732.9606
3599	276705.4088
3600	276700.499
3601	276681.4149
3602	276649.2161
3603	276632.0304
3604	276591.736
3605	276547.1753
3606	276531.6579
3607	276517.8768
3608	276495.0449
3609	276477.0318
3610	276465.6492
3611	276456.0187
3612	276436.686
3613	276397.6008
3614	276384.3368
3615	276361.4592
3616	276349.065
3617	276306.6983
3618	276293.9844
3619	276275.2998
3620	276248.6054
3621	276224.2521
3622	276191.3167
3623	276182.9767
3624	276171.3159
3625	276146.2047
3626	276142.565
3627	276130.838
3628	276116.7135
3629	276085.0777
3630	276031.9869
3631	276030.534
3632	276014.9265
3633	275995.7235
3634	275968.5191
3635	275956.7308
3636	275939.3069
3637	275915.3768
3638	275889.026
3639	275864.8257
3640	275838.0026
3641	275825.4414
3642	275819.2312
3643	275816.6759
3644	275797.5243
3645	275789.9721
3646	275780.5571
3647	275752.1745
3648	275729.6673
3649	275689.1381
3650	275678.2787
3651	275660.474
3652	275617.9072
3653	275585.3891
3654	275535.8197
3655	275526.193
3656	275508.9558
3657	275488.101
3658	275443.7183
3659	275396.5853
3660	275375.3897
3661	275363.4079
3662	275345.5127
3663	275305.3989
3664	275291.5425
3665	275267.1492
3666	275229.51
3667	275211.4092
3668	275161.1317
3669	275143.0741
3670	275104.9191
3671	275072.5074
3672	275049.0565
3673	275029.7197
3674	275009.1567
3675	275001.3744
3676	274966.8397
3677	274965.1903
3678	274948.4615
3679	274930.5425
3680	274893.8024
3681	274851.6816
3682	274805.3018
3683	274793.5643
3684	274760.8544
3685	274740.3584
3686	274720.2308
3687	274710.8048
3688	274688.2004
3689	274637.3008
3690	274580.4337
3691	274564.9297
3692	274550.859
3693	274540.5839
3694	274523.3065
3695	274516.4012
3696	274504.0956
3697	274476.3793
3698	274450.1549
3699	274442.4846
3700	274425.3269
3701	274420.9992
3702	274414.3103
3703	274361.5244
3704	274342.9581
3705	274328.589
3706	274320.0315
3707	274289.5812
3708	274254.4192
3709	274228.2559
3710	274189.1768
3711	274165.5172
3712	274113.797
3713	274102.3782
3714	274074.4144
3715	274050.16
3716	274016.219
3717	273978.8264
3718	273964.0545
3719	273958.0153
3720	273937.6066
3721	273915.5758
3722	273859.8948
3723	273808.7501
3724	273803.4706
3725	273757.0144
3726	273725.069
3727	273674.8949
3728	273654.6243
3729	273616.5191
3730	273593.9344
3731	273579.6609
3732	273566.833
3733	273533.2964
3734	273505.7803
3735	273454.4296
3736	273435.7016
3737	273417.9574
3738	273355.9527
3739	273330.0718
3740	273314.7878
3741	273265.4963
3742	273239.6423
3743	273199.4751
3744	273163.7415
3745	273139.6197
3746	273109.0141
3747	273077.0722
3748	273060.5059
3749	273053.0185
3750	273038.1622
3751	273020.7728
3752	273005.2207
3753	272956.8306
3754	272946.2167
3755	272900.9242
3756	272847.4385
3757	272835.4572
3758	272821.0678
3759	272801.2316
3760	272778.6824
3761	272773.1063
3762	272762.4336
3763	272738.0077
3764	272732.0088
3765	272711.1936
3766	272680.8751
3767	272664.8712
3768	272632.9455
3769	272617.7293
3770	272601.121
3771	272566.6008
3772	272549.0157
3773	272530.2327
3774	272505.4527
3775	272493.9394
3776	272479.1645
3777	272452.3025
3778	272443.2032
3779	272417.7692
3780	272413.6924
3781	272399.0379
3782	272338.8149
3783	272301.297
3784	272276.7682
3785	272256.3674
3786	272244.014
3787	272231.0502
3788	272189.8033
3789	272162.7052
3790	272090.7772
3791	272078.0967
3792	272022.1309
3793	272013.2293
3794	271991.0279
3795	271964.0959
3796	271951.2108
3797	271927.4175
3798	271904.2029
3799	271882.6383
3800	271851.0374
3801	271835.2485
3802	271802.1799
3803	271787.8895
3804	271780.2947
3805	271768.9755
3806	271754.1932
3807	271741.0534
3808	271704.7474
3809	271680.0391
3810	271670.5969
3811	271620.7721
3812	271571.9987
3813	271566.1301
3814	271515.2128
3815	271501.6188
3816	271485.0847
3817	271452.5755
3818	271444.9119
3819	271436.2672
3820	271416.7347
3821	271392.367
3822	271361.0345
3823	271342.3612
3824	271332.4122
3825	271319.6863
3826	271293.6403
3827	271278.4756
3828	271276.0913
3829	271252.551
3830	271236.9108
3831	271218.3693
3832	271203.0229
3833	271191.0347
3834	271175.1794
3835	271160.0167
3836	271148.7002
3837	271131.4955
3838	271078.4447
3839	271045.4955
3840	271029.9325
3841	271005.4608
3842	270982.7232
3843	270918.6053
3844	270903.4741
3845	270885.339
3846	270850.6512
3847	270810.4411
3848	270769.2146
3849	270740.5066
3850	270722.6823
3851	270683.3945
3852	270659.3903
3853	270649.5926
3854	270620.3519
3855	270575.4608
3856	270549.5135
3857	270510.8884
3858	270481.8797
3859	270459.9495
3860	270446.683
3861	270413.8376
3862	270355.6833
3863	270311.7228
3864	270305.0135
3865	270292.2214
3866	270282.5665
3867	270272.343
3868	270249.0136
3869	270219.214
3870	270215.3426
3871	270190.7429
3872	270168.7409
3873	270153.2366
3874	270137.7266
3875	270124.4531
3876	270099.5847
3877	270080.4128
3878	270069.4206
3879	270051.3345
3880	270048.8296
3881	270028.5643
3882	269994.6678
3883	269964.9066
3884	269937.5943
3885	269895.6917
3886	269876.911
3887	269847.2196
3888	269838.4613
3889	269824.661
3890	269803.1664
3891	269786.6422
3892	269745.6428
3893	269732.4682
3894	269711.276
3895	269694.4775
3896	269682.5048
3897	269678.7962
3898	269650.8622
3899	269626.4038
3900	269603.7179
3901	269565.0113
3902	269524.898
3903	269513.1766
3904	269457.9616
3905	269442.3421
3906	269424.386
3907	269399.6922
3908	269378.2232
3909	269343.8892
3910	269293.4639
3911	269270.2553
3912	269230.7562
3913	269190.5078
3914	269174.5434
3915	269169.2119
3916	269147.139
3917	269110.0848
3918	269051.0729
3919	269015.714
3920	268984.0008
3921	268960.087
3922	268928.288
3923	268909.88
3924	268880.9259
3925	268867.0498
3926	268850.1436
3927	268807.0489
3928	268773.9533
3929	268740.2918
3930	268720.1664
3931	268701.5461
3932	268691.6881
3933	268651.091
3934	268636.2374
3935	268619.5058
3936	268605.333
3937	268564.5132
3938	268542.743
3939	268536.656
3940	268517.9484
3941	268506.0494
3942	268487.0279
3943	268453.6449
3944	268434.432
3945	268411.126
3946	268381.6163
3947	268356.351
3948	268347.344
3949	268330.3274
3950	268306.6937
3951	268272.0358
3952	268247.1934
3953	268224.0969
3954	268199.0868
3955	268160.097
3956	268149.3312
3957	268123.17
3958	268103.1731
3959	268065.2725
3960	268037.0715
3961	268019.4267
3962	268010.406
3963	267992.0651
3964	267949.0059
3965	267939.9888
3966	267926.1787
3967	267903.0716
3968	267876.7146
3969	267861.529
3970	267836.992
3971	267824.4715
3972	267809.5493
3973	267790.9853
3974	267759.3256
3975	267731.7078
3976	267708.8414
3977	267686.0865
3978	267675.8542
3979	267649.0252
3980	267614.0724
3981	267603.1767
3982	267585.4585
3983	267558.5473
3984	267538.2141
3985	267519.1827
3986	267492.1036
3987	267474.6842
3988	267453.5023
3989	267423.4663
3990	267384.7058
3991	267355.6095
3992	267347.1094
3993	267316.5787
3994	267309.1692
3995	267266.5824
3996	267241.7224
3997	267227.7961
3998	267208.733
3999	267186.5801
4000	267158.6709
4001	267152.0519
4002	267141.3287
4003	267087.9834
4004	267056.776
4005	267026.1571
4006	267017.8509
4007	266993.1115
4008	266965.6911
4009	266941.8616
4010	266932.0305
4011	266912.4504
4012	266887.3793
4013	266877.8188
4014	266868.5971
4015	266825.5115
4016	266808.6121
4017	266783.845
4018	266766.9114
4019	266761.1806
4020	266753.8155
4021	266734.8995
4022	266717.5608
4023	266694.7861
4024	266634.9093
4025	266612.5601
4026	266590.6602
4027	266543.5312
4028	266530.5377
4029	266518.2988
4030	266504.3879
4031	266493.8958
4032	266477.8797
4033	266437.7657
4034	266401.3849
4035	266390.9734
4036	266375.9967
4037	266354.1388
4038	266324.0465
4039	266312.1246
4040	266305.7005
4041	266296.0979
4042	266282.9779
4043	266253.2659
4044	266224.3016
4045	266218.3947
4046	266210.2263
4047	266187.6097
4048	266149.9922
4049	266135.4733
4050	266090.4606
4051	266083.6665
4052	266072.85
4053	266054.6975
4054	266012.0207
4055	265994.8889
4056	265976.5987
4057	265947.0175
4058	265935.0223
4059	265919.4309
4060	265872.8715
4061	265859.888
4062	265839.2583
4063	265826.1111
4064	265780.6684
4065	265743.4353
4066	265710.3955
4067	265692.0519
4068	265662.581
4069	265644.1241
4070	265628.9232
4071	265606.9571
4072	265594.4821
4073	265544.1433
4074	265523.3553
4075	265493.4915
4076	265491.4792
4077	265486.6246
4078	265468.742
4079	265444.4841
4080	265414.0999
4081	265395.2452
4082	265391.1889
4083	265368.7314
4084	265347.6328
4085	265325.3961
4086	265309.0018
4087	265293.007
4088	265270.6403
4089	265249.2126
4090	265239.4877
4091	265202.7787
4092	265168.3149
4093	265147.8229
4094	265128.7919
4095	265109.3379
4096	265088.8211
4097	265047.7146
4098	265034.7159
4099	265007.1514
4100	264966.9119
4101	264947.7392
4102	264941.9729
4103	264939.1149
4104	264929.9468
4105	264881.9835
4106	264867.7019
4107	264830.1404
4108	264818.8956
4109	264793.6977
4110	264755.1487
4111	264752.347
4112	264730.7236
4113	264723.9524
4114	264703.1219
4115	264671.8092
4116	264653.6604
4117	264638.4496
4118	264623.2424
4119	264613.2059
4120	264595.5504
4121	264543.002
4122	264524.5457
4123	264497.9593
4124	264473.1519
4125	264458.7411
4126	264444.9466
4127	264430.2621
4128	264415.2057
4129	264405.8765
4130	264389.9188
4131	264376.1022
4132	264361.8216
4133	264331.4616
4134	264319.403
4135	264307.5468
4136	264264.1128
4137	264252.7147
4138	264242.9996
4139	264220.4096
4140	264207.5044
4141	264202.0476
4142	264189.3597
4143	264154.6211
4144	264149.2263
4145	264140.7423
4146	264128.214
4147	264107.3797
4148	264098.2063
4149	264089.4641
4150	264064.59
4151	264058.3238
4152	264049.6112
4153	264034.7999
4154	264021.8569
4155	263999.8834
4156	263985.7478
4157	263955.9245
4158	263933.9012
4159	263894.2298
4160	263890.9469
4161	263866.8331
4162	263858.4997
4163	263820.005
4164	263795.7908
4165	263775.7597
4166	263742.2608
4167	263722.3108
4168	263712.474
4169	263694.9754
4170	263673.4305
4171	263669.4603
4172	263646.0891
4173	263613.2485
4174	263575.1024
4175	263559.0919
4176	263535.118
4177	263517.5002
4178	263505.3083
4179	263498.9329
4180	263478.1636
4181	263414.8862
4182	263393.125
4183	263335.1957
4184	263312.4836
4185	263281.6335
4186	263266.0089
4187	263246.3202
4188	263215.5918
4189	263193.667
4190	263185.1191
4191	263155.9135
4192	263115.8741
4193	263098.1696
4194	263067.3596
4195	263051.7736
4196	263032.3612
4197	263024.5753
4198	263004.056
4199	262995.9921
4200	262988.8927
4201	262983.1588
4202	262965.2424
4203	262944.9621
4204	262925.6021
4205	262913.3928
4206	262884.8536
4207	262872.7999
4208	262859.938
4209	262819.354
4210	262800.7042
4211	262761.3748
4212	262750.0538
4213	262715.8149
4214	262700.6157
4215	262669.7844
4216	262658.735
4217	262637.6532
4218	262626.4241
4219	262618.8862
4220	262611.9216
4221	262605.6192
4222	262587.1913
4223	262566.7487
4224	262553.0003
4225	262529.0134
4226	262511.5953
4227	262497.2274
4228	262480.6132
4229	262469.5485
4230	262463.2387
4231	262446.428
4232	262429.7904
4233	262394.7044
4234	262383.0944
4235	262370.4201
4236	262353.3623
4237	262342.0882
4238	262316.926
4239	262299.9115
4240	262288.0546
4241	262270.2913
4242	262239.7656
4243	262223.6731
4244	262210.1955
4245	262182.8074
4246	262164.7591
4247	262137.9586
4248	262116.1404
4249	262073.4927
4250	262053.568
4251	262005.0019
4252	261998.4949
4253	261970.2325
4254	261956.235
4255	261939.619
4256	261922.5191
4257	261883.7834
4258	261873.819
4259	261853.5095
4260	261843.1342
4261	261825.0293
4262	261820.9593
4263	261797.9927
4264	261790.3329
4265	261779.9244
4266	261770.691
4267	261760.3807
4268	261733.4984
4269	261708.2302
4270	261681.0507
4271	261664.6151
4272	261641.8446
4273	261630.2103
4274	261613.4827
4275	261593.0004
4276	261584.331
4277	261576.478
4278	261554.9865
4279	261487.6118
4280	261464.5806
4281	261422.7312
4282	261382.2422
4283	261361.6177
4284	261322.4574
4285	261311.6767
4286	261304.6058
4287	261297.1287
4288	261273.8803
4289	261262.8663
4290	261250.139
4291	261243.6725
4292	261213.0271
4293	261197.015
4294	261188.9562
4295	261169.9501
4296	261141.8017
4297	261108.9121
4298	261060.2001
4299	261052.4414
4300	261040.6381
4301	261022.2911
4302	261007.6041
4303	260989.2193
4304	260974.2432
4305	260961.5236
4306	260943.8204
4307	260927.6931
4308	260909.4159
4309	260885.5687
4310	260850.1522
4311	260808.9237
4312	260801.2666
4313	260781.3454
4314	260767.1834
4315	260749.8584
4316	260701.1785
4317	260681.752
4318	260663.4169
4319	260633.0218
4320	260619.8368
4321	260598.8621
4322	260587.0737
4323	260566.0847
4324	260554.2981
4325	260540.3182
4326	260522.3904
4327	260511.2455
4328	260498.0454
4329	260486.022
4330	260466.7305
4331	260452.7261
4332	260413.4845
4333	260384.0186
4334	260367.3744
4335	260337.3894
4336	260327.5132
4337	260318.4184
4338	260287.4706
4339	260271.4721
4340	260225.7097
4341	260219.8443
4342	260216.5619
4343	260204.8938
4344	260184.2687
4345	260157.7793
4346	260145.8399
4347	260128.349
4348	260118.2489
4349	260105.8351
4350	260098.7131
4351	260082.5678
4352	260056.9296
4353	260041.3675
4354	260004.1339
4355	259970.7968
4356	259958.4042
4357	259938.6006
4358	259908.0773
4359	259891.7905
4360	259869.8024
4361	259860.8268
4362	259804.2756
4363	259789.1943
4364	259758.0252
4365	259747.8135
4366	259700.8067
4367	259676.7545
4368	259666.6219
4369	259644.8098
4370	259623.916
4371	259618.7719
4372	259612.6673
4373	259594.6495
4374	259577.1658
4375	259568.1391
4376	259547.4854
4377	259523.8019
4378	259505.0242
4379	259493.6318
4380	259445.8113
4381	259437.9306
4382	259423.4749
4383	259411.7365
4384	259375.7192
4385	259367.7876
4386	259342.152
4387	259325.3623
4388	259319.0733
4389	259289.5458
4390	259266.9788
4391	259259.8673
4392	259226.5942
4393	259216.5963
4394	259192.7827
4395	259179.0608
4396	259123.739
4397	259092.9969
4398	259072.9022
4399	259039.4048
4400	259003.7713
4401	258988.2573
4402	258947.3501
4403	258908.269
4404	258897.0891
4405	258878.7578
4406	258869.3694
4407	258840.8514
4408	258819.343
4409	258793.6815
4410	258770.0335
4411	258749.1265
4412	258706.6801
4413	258681.1574
4414	258658.6768
4415	258642.6707
4416	258619.0014
4417	258610.5882
4418	258602.3621
4419	258592.1726
4420	258565.2685
4421	258555.5393
4422	258533.5578
4423	258517.7842
4424	258506.5865
4425	258463.2154
4426	258450.6048
4427	258434.0595
4428	258402.5699
4429	258384.8336
4430	258351.3483
4431	258326.9704
4432	258303.6444
4433	258289.3539
4434	258270.401
4435	258252.2314
4436	258224.4084
4437	258217.4266
4438	258203.9603
4439	258193.2935
4440	258164.8442
4441	258148.1976
4442	258135.7549
4443	258099.5364
4444	258072.8401
4445	258059.324
4446	258051.8567
4447	258031.9867
4448	257995.4975
4449	257984.9723
4450	257968.1404
4451	257951.5276
4452	257937.6841
4453	257918.5338
4454	257908.6628
4455	257896.6161
4456	257882.3562
4457	257845.6736
4458	257805.7553
4459	257792.8154
4460	257756.0144
4461	257721.1774
4462	257701.4019
4463	257655.201
4464	257624.134
4465	257602.453
4466	257568.8218
4467	257547.9148
4468	257536.4032
4469	257519.0383
4470	257494.4572
4471	257456.8683
4472	257411.0335
4473	257402.5719
4474	257348.3991
4475	257328.2963
4476	257312.3918
4477	257291.9961
4478	257272.214
4479	257258.1018
4480	257231.25
4481	257205.7237
4482	257194.7028
4483	257171.1499
4484	257149.2257
4485	257134.6473
4486	257114.8101
4487	257111.01
4488	257096.9849
4489	257079.4799
4490	257076.9425
4491	257066.4654
4492	257038.3684
4493	257024.0174
4494	257001.9647
4495	256991.8305
4496	256972.4936
4497	256966.4905
4498	256931.7509
4499	256916.262
4500	256901.5205
4501	256881.2233
4502	256862.9374
4503	256860.3688
4504	256833.4623
4505	256814.7183
4506	256806.1168
4507	256782.7274
4508	256777.2431
4509	256763.1375
4510	256754.7412
4511	256718.6944
4512	256709.1902
4513	256693.364
4514	256680.939
4515	256653.5574
4516	256637.4131
4517	256621.8232
4518	256604.913
4519	256590.9485
4520	256582.9867
4521	256566.887
4522	256549.4856
4523	256529.7962
4524	256511.7522
4525	256478.9508
4526	256461.4191
4527	256429.5517
4528	256420.9086
4529	256400.9638
4530	256382.8434
4531	256357.8005
4532	256351.6977
4533	256332.847
4534	256324.5155
4535	256307.1347
4536	256296.0196
4537	256284.7029
4538	256268.5922
4539	256243.3057
4540	256231.6443
4541	256190.9813
4542	256177.0913
4543	256165.275
4544	256147.2466
4545	256129.5659
4546	256097.3632
4547	256085.2865
4548	256050.5315
4549	256010.1038
4550	255981.3003
4551	255956.7702
4552	255937.0993
4553	255920.1555
4554	255912.283
4555	255887.966
4556	255867.2791
4557	255853.6038
4558	255837.8265
4559	255825.7838
4560	255808.2835
4561	255789.8911
4562	255770.5633
4563	255727.8401
4564	255713.1131
4565	255695.3699
4566	255671.6213
4567	255661.4387
4568	255623.09
4569	255611.9765
4570	255603.3811
4571	255577.8249
4572	255569.039
4573	255550.3847
4574	255523.5932
4575	255520.2562
4576	255515.6616
4577	255505.8854
4578	255497.4604
4579	255481.76
4580	255473.5624
4581	255462.7913
4582	255429.1981
4583	255423.3583
4584	255411.1762
4585	255377.6262
4586	255348.4565
4587	255333.5567
4588	255319.063
4589	255306.6478
4590	255281.5399
4591	255255.2378
4592	255228.4826
4593	255216.6727
4594	255201.6704
4595	255177.7561
4596	255167.6771
4597	255158.7983
4598	255142.0818
4599	255133.689
4600	255093.447
4601	255082.7642
4602	255074.6632
4603	255045.841
4604	255007.9955
4605	254989.9662
4606	254952.8242
4607	254939.6255
4608	254901.8753
4609	254879.4338
4610	254868.2374
4611	254858.0964
4612	254837.9288
4613	254820.2428
4614	254788.5063
4615	254778.7877
4616	254742.6074
4617	254727.9256
4618	254708.5849
4619	254687.6024
4620	254668.2608
4621	254657.2315
4622	254642.8352
4623	254619.9958
4624	254611.5236
4625	254607.8742
4626	254586.1195
4627	254567.5373
4628	254522.735
4629	254505.9294
4630	254464.3506
4631	254443.7847
4632	254407.3861
4633	254393.2124
4634	254376.2175
4635	254361.0383
4636	254352.6948
4637	254336.3973
4638	254314.2029
4639	254279.4913
4640	254261.0132
4641	254253.1647
4642	254244.4561
4643	254216.0568
4644	254206.626
4645	254190.4318
4646	254185.4339
4647	254180.57
4648	254175.1524
4649	254152.7517
4650	254140.9518
4651	254125.3146
4652	254109.7083
4653	254092.7183
4654	254078.1017
4655	254063.7268
4656	254037.6531
4657	254024.1351
4658	254014.2732
4659	254001.6901
4660	253984.6708
4661	253937.4173
4662	253920.5558
4663	253908.8667
4664	253867.4932
4665	253862.9107
4666	253855.0165
4667	253846.1857
4668	253838.8257
4669	253833.6329
4670	253822.7286
4671	253814.4724
4672	253788.977
4673	253779.5313
4674	253769.3537
4675	253758.4572
4676	253735.4288
4677	253679.2544
4678	253672.4186
4679	253664.1553
4680	253638.5002
4681	253623.528
4682	253601.7405
4683	253571.5396
4684	253555.3374
4685	253546.0896
4686	253511.8903
4687	253484.636
4688	253475.5423
4689	253458.8821
4690	253438.8868
4691	253414.6271
4692	253393.5674
4693	253381.4612
4694	253365.3153
4695	253346.7989
4696	253336.2787
4697	253315.7387
4698	253306.1825
4699	253292.8226
4700	253281.4404
4701	253267.6803
4702	253244.0479
4703	253218.7126
4704	253192.8676
4705	253180.2561
4706	253166.573
4707	253143.2242
4708	253136.9883
4709	253124.7992
4710	253101.6743
4711	253090.1432
4712	253068.2053
4713	253051.5905
4714	253042.327
4715	252989.8467
4716	252966.8566
4717	252954.4739
4718	252944.4182
4719	252924.2662
4720	252916.5351
4721	252893.2733
4722	252882.4593
4723	252880.0677
4724	252850.0051
4725	252840.5
4726	252799.6703
4727	252789.6486
4728	252730.0126
4729	252705.2177
4730	252698.294
4731	252678.4957
4732	252663.9599
4733	252652.1679
4734	252643.9209
4735	252637.3192
4736	252623.8467
4737	252600.2407
4738	252583.3542
4739	252560.1984
4740	252518.1949
4741	252483.3892
4742	252480.896
4743	252452.7482
4744	252436.6192
4745	252428.0637
4746	252411.7088
4747	252388.0724
4748	252379.377
4749	252357.354
4750	252337.1658
4751	252322.6736
4752	252303.2888
4753	252294.8217
4754	252288.4757
4755	252279.4929
4756	252268.5404
4757	252247.9757
4758	252241.5663
4759	252227.9942
4760	252223.0052
4761	252213.27
4762	252204.0352
4763	252148.99
4764	252133.8327
4765	252127.3201
4766	252110.7912
4767	252101.646
4768	252094.253
4769	252072.6473
4770	252055.5707
4771	252037.909
4772	252012.5673
4773	252010.2433
4774	251996.3228
4775	251986.9017
4776	251969.7093
4777	251949.4082
4778	251933.0204
4779	251926.6047
4780	251902.7329
4781	251889.5929
4782	251872.5168
4783	251859.659
4784	251839.0068
4785	251829.9032
4786	251814.7811
4787	251807.9674
4788	251790.9952
4789	251778.8368
4790	251754.701
4791	251726.5419
4792	251721.9877
4793	251697.9651
4794	251685.9091
4795	251659.9935
4796	251635.669
4797	251628.9134
4798	251613.2774
4799	251588.3296
4800	251579.2561
4801	251549.7349
4802	251539.9809
4803	251524.382
4804	251513.8801
4805	251495.3298
4806	251469.081
4807	251454.4909
4808	251441.4801
4809	251430.9822
4810	251422.4386
4811	251411.9868
4812	251389.9129
4813	251378.4161
4814	251337.3644
4815	251316.9823
4816	251274.2499
4817	251265.7008
4818	251230.5682
4819	251203.9629
4820	251181.5454
4821	251173.3074
4822	251162.0655
4823	251141.2874
4824	251105.9609
4825	251057.4894
4826	251041.8627
4827	251021.7939
4828	251007.2873
4829	250985.3641
4830	250970.2246
4831	250952.8286
4832	250933.4012
4833	250927.4097
4834	250914.3718
4835	250892.8914
4836	250878.2295
4837	250861.9683
4838	250832.1958
4839	250819.5887
4840	250798.9462
4841	250790.0395
4842	250763.4142
4843	250732.0647
4844	250722.5818
4845	250707.8756
4846	250691.0323
4847	250674.3314
4848	250660.7421
4849	250629.8791
4850	250622.9919
4851	250604.176
4852	250555.4003
4853	250546.5796
4854	250526.2819
4855	250515.4508
4856	250509.1512
4857	250498.5482
4858	250483.0303
4859	250475.5652
4860	250461.8473
4861	250454.5735
4862	250440.2974
4863	250420.0545
4864	250410.9827
4865	250404.4921
4866	250378.8714
4867	250353.3625
4868	250313.9345
4869	250288.1431
4870	250273.4776
4871	250265.0881
4872	250250.4076
4873	250219.272
4874	250203.2997
4875	250177.2612
4876	250169.135
4877	250162.6552
4878	250149.3111
4879	250141.034
4880	250125.6708
4881	250105.0921
4882	250065.2953
4883	250045.417
4884	250039.1499
4885	250032.7646
4886	250021.4267
4887	250002.4027
4888	249986.9619
4889	249948.222
4890	249929.7791
4891	249875.9439
4892	249857.2604
4893	249851.8646
4894	249840.5449
4895	249823.8167
4896	249800.7879
4897	249785.1063
4898	249759.9248
4899	249742.595
4900	249702.5004
4901	249694.6161
4902	249675.602
4903	249664.915
4904	249654.2684
4905	249641.7739
4906	249610.1019
4907	249584.9495
4908	249566.9781
4909	249559.5455
4910	249555.2468
4911	249528.8891
4912	249514.2449
4913	249480.8066
4914	249467.4334
4915	249415.7267
4916	249399.1543
4917	249376.9165
4918	249361.695
4919	249347.9236
4920	249313.6589
4921	249308.5402
4922	249305.2149
4923	249296.9634
4924	249267.0948
4925	249252.5799
4926	249233.9664
4927	249225.7274
4928	249208.37
4929	249195.1497
4930	249171.3554
4931	249153.2765
4932	249138.9235
4933	249106.1073
4934	249092.3918
4935	249076.9115
4936	249047.6969
4937	249011.6281
4938	248998.5473
4939	248969.9757
4940	248947.7439
4941	248933.2369
4942	248926.0037
4943	248913.0974
4944	248874.1248
4945	248855.8862
4946	248832.2045
4947	248816.3722
4948	248803.401
4949	248792.2724
4950	248765.2403
4951	248751.3164
4952	248734.7951
4953	248699.948
4954	248689.2339
4955	248677.4204
4956	248660.3114
4957	248652.5504
4958	248628.7598
4959	248614.7686
4960	248600.8555
4961	248582.8834
4962	248543.4432
4963	248533.3829
4964	248524.6476
4965	248507.8437
4966	248494.2024
4967	248465.0495
4968	248448.735
4969	248433.195
4970	248424.3824
4971	248400.5072
4972	248374.8797
4973	248338.9007
4974	248332.3056
4975	248302.8003
4976	248291.5059
4977	248262.5979
4978	248250.0031
4979	248209.3264
4980	248198.5337
4981	248159.4406
4982	248140.8518
4983	248125.1826
4984	248094.2266
4985	248066.3241
4986	248032.4655
4987	248028.4277
4988	247992.1256
4989	247973.561
4990	247941.6758
4991	247936.8938
4992	247894.9244
4993	247881.3624
4994	247869.324
4995	247857.2131
4996	247839.2268
4997	247824.4981
4998	247801.1069
4999	247790.8254
